-- phpMyAdmin SQL Dump
-- version 5.2.2
-- https://www.phpmyadmin.net/
--
-- Host: localhost:3306
-- Generation Time: Jul 02, 2025 at 09:35 AM
-- Server version: 10.11.11-MariaDB-cll-lve-log
-- PHP Version: 8.3.22

SET SQL_MODE = "NO_AUTO_VALUE_ON_ZERO";
START TRANSACTION;
SET time_zone = "+00:00";


/*!40101 SET @OLD_CHARACTER_SET_CLIENT=@@CHARACTER_SET_CLIENT */;
/*!40101 SET @OLD_CHARACTER_SET_RESULTS=@@CHARACTER_SET_RESULTS */;
/*!40101 SET @OLD_COLLATION_CONNECTION=@@COLLATION_CONNECTION */;
/*!40101 SET NAMES utf8mb4 */;

--
-- Database: `cp63083_resaneh2`
--

-- --------------------------------------------------------

--
-- Table structure for table `admin`
--

CREATE TABLE `admin` (
  `id` int(11) NOT NULL,
  `email` varchar(255) NOT NULL,
  `password` varchar(255) NOT NULL
) ENGINE=InnoDB DEFAULT CHARSET=utf8mb3 COLLATE=utf8mb3_persian_ci;

--
-- Dumping data for table `admin`
--

INSERT INTO `admin` (`id`, `email`, `password`) VALUES
(2, 'resaneh_balaee.admin@gmail.com', '$2y$10$o.bbicyX9ytLsUU0Uzmiqe7xbvtK9TgAIMVlqnxENJ/pBInFQJK5G');

-- --------------------------------------------------------

--
-- Table structure for table `categories`
--

CREATE TABLE `categories` (
  `id` int(11) NOT NULL,
  `name` varchar(100) DEFAULT NULL
) ENGINE=MyISAM DEFAULT CHARSET=utf8mb4 COLLATE=utf8mb4_general_ci;

--
-- Dumping data for table `categories`
--

INSERT INTO `categories` (`id`, `name`) VALUES
(1, 'Ø­Ø³Ø§Ø¨Ø¯Ø§Ø±ÛŒ'),
(2, 'mm'),
(3, 'Ø®Ø¯Ù…Ø§Øª'),
(4, 'خوب');

-- --------------------------------------------------------

--
-- Table structure for table `courses`
--

CREATE TABLE `courses` (
  `id` int(11) NOT NULL,
  `course_name` varchar(255) NOT NULL,
  `course_hours` varchar(255) NOT NULL,
  `course_duration` int(11) NOT NULL,
  `course_price` int(11) NOT NULL,
  `instructor_name` varchar(255) NOT NULL,
  `course_description` mediumtext DEFAULT NULL,
  `learning_objectives` mediumtext DEFAULT NULL,
  `major_id` int(11) DEFAULT NULL,
  `course_image` varchar(255) DEFAULT NULL,
  `course_code` varchar(50) NOT NULL,
  `discount_price` int(11) DEFAULT NULL,
  `discounted_price` int(11) DEFAULT NULL,
  `created_at` timestamp NOT NULL DEFAULT current_timestamp(),
  `date_course` text NOT NULL,
  `course_days` text NOT NULL
) ENGINE=InnoDB DEFAULT CHARSET=utf8mb4 COLLATE=utf8mb4_unicode_ci;

--
-- Dumping data for table `courses`
--

INSERT INTO `courses` (`id`, `course_name`, `course_hours`, `course_duration`, `course_price`, `instructor_name`, `course_description`, `learning_objectives`, `major_id`, `course_image`, `course_code`, `discount_price`, `discounted_price`, `created_at`, `date_course`, `course_days`) VALUES
(58, 'ØªØ¹Ù…ÛŒØ±Ø§Øª ØªÙ„ÙÙ† Ù‡Ù…Ø±Ø§Ù‡', '16-18', 4, 5800000, 'Ø§Ø³ØªØ§Ø¯ Ù…ÙˆØ³ÙˆÛŒ', 'Ø³Ø±ÙØµÙ„ Ù‡Ø§ÛŒ Ø¯ÙˆØ±Ù‡ 1-Ø§Ù„Ú©ØªØ±ÙˆÙ†ÛŒÚ© Ùˆ Ø´Ù†Ø§Ø®Øª Ù‚Ø·Ø¹Ø§Øª 2-Ù†Ù‚Ø´Ù‡ Ø®ÙˆØ§Ù†ÛŒ 3- Ø¹ÛŒØ¨ ÛŒØ§Ø¨ÛŒ 4- ØªØ¹ÙˆÛŒØ¶ Ù‚Ø·Ø¹Ø§Øª 5- ØªØ¹Ù…ÛŒØ±Ù‚Ø·Ø¹Ø§Øª\r\n\r\n', 'Ø¯Ø±ÙˆÙ‡ Ø·Ø¨Ù‚ Ø§Ø³ØªØ§Ù†Ø¯Ø§Ø±Ø¯ Ù‡Ø§ÛŒ ÙÙ†ÛŒ Ùˆ Ø­Ø±ÙÙ‡ Ø§ÛŒ Ø§Ø² Ø´Ù†Ø§Ø®Øª Ù‚Ø·Ø¹Ø§Øª Ùˆ Ù…Ø¨Ø§Ù†ÛŒ Ùˆ Ù…ÙØ§Ù‡ÛŒÙ… Ø§Ù„Ú©ØªØ±ÙˆÙ†ÛŒÚ© Ø´Ø±ÙˆØ¹ Ø´Ø¯Ù‡ Ø³Ù¾Ø³ Ø´Ù…Ø§ØªÛŒÚ© ÛŒØ§ Ù‡Ù…Ø§Ù† Ù†Ù‚Ø´Ù‡ Ø®ÙˆØ§Ù†ÛŒ Ø±Ø§ Ø¨Ù‡ Ú©Ø§Ø±Ø¢Ù…ÙˆØ² Ø¢Ù…ÙˆØ²Ø´ Ø¯Ø§Ø¯Ù‡ Ø®ÙˆØ§Ù‡Ø¯ Ø´Ø¯ Ú©Ù‡ Ø¨ØªÙˆØ§Ù†Ø¯ Ù‚Ø·Ø¹Ø§Øª Ø§Ù„Ú©ØªØ±ÙˆÙ†ÛŒÚ©ÛŒ Ø±Ø§ Ø¨Ø± Ø§Ø³Ø§Ø³ Ø´Ù…Ø§ØªÛŒÚ© Ø±ÙˆÛŒ Ù†Ù‚Ø´Ù‡ Ù¾ÛŒØ¯Ø§ Ù†Ù…Ø§ÛŒØ¯ Ø³Ù¾Ø³ Ø¯Ø± Ø³Ø±ÙØµÙ„ Ø³ÙˆÙ… Ù†Ø­ÙˆÙ‡ Ø¹ÛŒØ¨ ÛŒØ§Ø¨ÛŒ Ú©Ù‡ Ù…Ù‡Ù…ØªØ±ÛŒÙ† Ø³Ø±ÙØµÙ„ Ø§ÛŒÙ† Ø¯ÙˆØ±Ù‡  Ù…Ù‡Ø§Ø±ØªÛŒ Ù…ÛŒ Ø¨Ø§Ø´Ø¯ Ø¢Ù…ÙˆØ²Ø´ Ø¯Ø§Ø¯Ù‡ Ø®ÙˆØ§Ù‡Ø¯ Ø´Ø¯ Ú©Ù‡ Ú†Ø·ÙˆØ± ÛŒÚ© ØªØ¹Ù…ÛŒØ±Ú©Ø§Ø± Ø¨ØªÙˆØ§Ù†Ø¯ Ù…Ø´Ú©Ù„ Ø³Ø®Øª Ø§ÙØ²Ø§Ø±ÛŒ ÛŒÚ© Ú¯ÙˆØ´ÛŒ Ø±Ø§ Ø´Ù†Ø§Ø³Ø§ÛŒÛŒ Ù†Ù…Ø§ÛŒØ¯ Ø¯Ø± ÙØµÙ„ Ú†Ù‡Ø§Ø±Ù… Ùˆ Ù¾Ù†Ø¬Ù… Ù…Ø±Ø¨ÛŒ Ø¢Ù…ÙˆØ²Ø´ Ù…ÛŒ Ø¯Ù‡Ø¯ Ú©Ù‡ Ú©Ø§Ø±Ø¢Ù…ÙˆØ² Ø¨ØªÙˆØ§Ù†Ø¯ Ù‚Ø·Ø¹Ù‡ Ú©Ù‡ Ù…Ø¹ÛŒÙˆØ¨ Ø±Ø§ ØªØ¹ÙˆÛŒØ¶ ÛŒØ§ ØªØ¹Ù…ÛŒØ± Ù†Ù…Ø§ÛŒØ¯\r\n\r\n', 32, 'uploads/courses/1744482599_download.jpg', '3935', NULL, 0, '2025-04-12 18:24:54', '1404/01/10', 'Ø²ÙˆØ¬'),
(62, 'ICDL (Ù…Ù‡Ø§Ø±Øª Ù‡ÙØªÚ¯Ø§Ù†Ù‡ Ø¯ÙˆØ±Ù‡ Ù…Ù‚Ø¯Ù…Ø§ØªÛŒ Ú©Ø§Ù…Ù¾ÛŒÙˆØªØ±)', '16-18', 3, 4500000, 'Ù‡Ø¯ÛŒÛŒ', 'Ù…Ù‡Ø§Ø±Øª Ù‡ÙØª Ú¯Ø§Ù†Ù‡ Ú©Ø§Ù…Ù¾ÛŒÙˆØªØ± 130 Ø³Ø§Ø¹Øª Ú©Ø§Ù…Ù„  Ø·Ø¨Ù‚ Ø§Ø³ØªØ§Ù†Ø¯Ø§Ø±Ø¯Ù‡Ø§ÛŒ ÙÙ†ÛŒ Ùˆ Ø­Ø±ÙÙ‡ Ø§ÛŒ Ú©Ø´ÙˆØ± \r\nØ´Ø§Ù…Ù„::: ::: :Ù…Ø¨Ø§Ù†ÛŒ ÙˆÙ…ÙØ§Ù‡ÛŒÙ… Ø´Ù†Ø§Ø®Øª Ú©Ø§Ù…Ù¾ÛŒÙˆØªØ±ØŒØ³ÛŒØ³ØªÙ… Ø¹Ù…Ù„ ÙˆÛŒÙ†Ø¯ÙˆØ²ØŒÚ©Ø§Ø±Ø¨Ø§ Ø§ÛŒÙ†ØªØ±Ù†Øª Word Excel Powerpoint Access   ÙˆÛŒÚ˜Ù‡ Ú©ÙˆØ¯Ú©Ø§Ù† ØŒÙ†ÙˆØ¬ÙˆØ§Ù†Ø§Ù† ØŒØ¬ÙˆØ§Ù†Ø§Ù† ØŒÚ©Ø§Ø±Ù…Ù†Ø¯Ø§Ù† ØŒ Ø¯Ø§Ù†Ø´Ø¬ÙˆÛŒØ§Ù† Ùˆ Ø·Ù„Ø§Ø¨ ØªÙˆØ³Ø· Ù…Ø±Ø¨ÛŒØ§Ù† Ù…Ø¬Ø±Ø¨ Ùˆ Ø¨Ø±ØªØ± Ø§Ø³ØªØ§Ù†ÛŒ Ø¯Ø§Ø±Ø§ÛŒ Ø§Ø¨Ù„Ø§Øº Ù…Ø±Ø¨ÛŒÚ¯Ø±ÛŒ Ø±Ø³Ù…ÛŒ Ø§Ø² Ø³Ø§Ø²Ù…Ø§Ù† ÙÙ†ÛŒ Ùˆ Ø­Ø±ÙÙ‡ Ø§ÛŒ Ò‰Ò‰\r\n\r\n', 'Ú©Ø§Ø±Ø¢Ù…ÙˆØ² Ø¯Ø± Ø§ÛŒÙ† Ø¯ÙˆØ±Ù‡ Ø§Ø²Ø§Ø¨ØªØ¯Ø§ Ø¨Ø§ Ø§Ø¬Ø²Ø§ ØªØ´Ú©ÛŒÙ„ Ø¯Ù‡Ù†Ø¯Ù‡ Ú©Ø§Ù…Ù¾ÛŒÙˆØªØ± Ø¢Ø´Ù†Ø§ Ù…ÛŒ Ø´ÙˆØ¯ Ú©Ø§Ø± Ø¨Ø§ ØµÙØ­Ù‡ Ú©Ù„ÛŒØ¯ Ùˆ Ù…Ø§ÙˆØ³ Ø±Ø§ ÛŒØ§Ø¯ Ù…ÛŒ Ú¯ÛŒØ±Ø¯ Ø¯Ø± Ù…Ø±Ø­Ù„Ù‡ Ø¨Ø¹Ø¯ÛŒ Ù…Ù‡Ø§Ø±Øª Ú©Ø§Ø± Ø¨Ø§ Ø³ÛŒØ³ØªÙ… Ø¹Ù…Ù„ ÙˆÛŒÙ†Ø¯ÙˆØ² Ùˆ Ø§ÛŒÙ†ØªØ±Ù†Øª Ø±Ø§ Ú©Ø§Ù…Ù„ Ø¢Ù…ÙˆØ²Ø´ Ù…ÛŒ Ø¨ÛŒÙ†Ø¯ Ùˆ Ø¯Ø± Ù…Ø±Ø­Ù„Ù‡ Ø¨Ø¹Ø¯ÛŒ Ú†Ù‡Ø§Ø± Ù†Ø±Ù… Ø§ÙØ²Ø§Ø± Ø§Ø¯Ø§Ø±ÛŒ Ù…Ù‡Ù… Ù…Ù‡Ø§Ø±Øª Ù¾ÛŒØ¯Ø§ Ù…ÛŒ Ú©Ù†Ø¯ Ú©Ù‡ Ø¨ØªÙˆØ§Ù†Ø¯ Ø¨Ø±Ø§Ø­ØªÛŒ ÛŒÚ© ÙØ§ÛŒÙ„ Ù…ØªÙ†ÛŒ Ùˆ Ø¬Ø¯Ø§ÙˆÙ„ Ø¯Ø§Ø®Ù„ ÙØ§ÛŒÙ„ Ù…ØªÙ†ÛŒ Ø§ÛŒØ¬Ø§Ø¯ Ù†Ù…Ø§ÛŒØ¯ ÛŒÚ© Ù¾Ø§ÙˆØ±Ù¾ÙˆÛŒÙ†Øª Ø¨Ø±Ø§ÛŒ Ø§Ø±Ø§Ø¦Ù‡ Ù…Ø·Ø§Ù„Ø¨ Ø§ÛŒØ¬Ø§Ø¯Ú©Ù†Ø¯ ÛŒÚ© ÙØ§ÛŒÙ„ Ø¬Ø¯ÙˆÙ„ÛŒ Ø¨Ø±Ø§ÛŒ Ø§Ø±Ø§ÛŒÙ‡ Ú¯Ø²Ø§Ø±Ø´ Ù‡Ø§ÛŒ Ú©Ø§Ø±ÛŒ Ùˆ Ø­Ø³Ø§Ø¨Ø¯Ø§Ø±ÛŒ Ø§ÛŒØ¬Ø§Ø¯ Ú©Ù†Ø¯ Ùˆ Ø¯Ø± Ù†Ù‡Ø§ÛŒØª Ù…ÛŒ ØªÙˆØ§Ù†Ø¯ ÛŒÚ© ÙØ§ÛŒÙ„ Ø¨Ø§Ù†Ú© Ø§Ø·Ù„Ø§Ø¹Ø§ØªÛŒ Ø¨Ø§ Ø§Ú©Ø³Ø³ Ø§ÛŒØ¬Ø§Ø¯ Ú©Ù†Ø¯\r\n Ø¨Ø±Ø§ÛŒ Ù…Ø´Ø§Ù‡Ø¯Ù‡ Ú©Ø§Ù…Ù„ Ø³Ø±ÙØµÙ„ Ù‡Ø§ÛŒ Ø§Ø³ØªØ§Ù†Ø¯Ø§Ø±Ø¯Ù‡Ø§ÛŒ Ø¢Ù…ÙˆØ²Ø´ÛŒ Ø³Ø§Ø²Ù…Ø§Ù† Ø¢Ù…ÙˆØ²Ø´ ÙÙ†ÛŒ Ùˆ Ø­Ø±ÙÙ‡ Ø§ÛŒ Ø§Ø² Ù…Ù†ÙˆÛŒ Ø±Ø´ØªÙ‡ Ù‡Ø§  Ù‡Ù…ÛŒÙ† Ø³Ø§ÛŒØª ØŒ ÙØ§ÛŒÙ„ pdf Ú©Ø§Ù…Ù„ Ø§ÛŒÙ† Ø¯ÙˆØ±Ù‡ Ø±Ø§  Ø¯Ø§Ù†Ù„ÙˆØ¯ ÙØ±Ù…Ø§Ø¦ÛŒØ¯.\r\n\r\n', 30, 'uploads/courses/1748797591_download.png', '9453', NULL, 0, '2025-06-01 17:06:31', '1404/04/05', 'Ø²ÙˆØ¬'),
(63, 'ICDL (Ù…Ù‡Ø§Ø±Øª Ù‡ÙØªÚ¯Ø§Ù†Ù‡ Ø¯ÙˆØ±Ù‡ Ù…Ù‚Ø¯Ù…Ø§ØªÛŒ Ú©Ø§Ù…Ù¾ÛŒÙˆØªØ±)', '18-20', 3, 4500000, 'Ù‡Ø¯ÛŒÛŒ', 'Ù…Ù‡Ø§Ø±Øª Ù‡ÙØª Ú¯Ø§Ù†Ù‡ Ú©Ø§Ù…Ù¾ÛŒÙˆØªØ± 130 Ø³Ø§Ø¹Øª Ú©Ø§Ù…Ù„ Ø·Ø¨Ù‚ Ø§Ø³ØªØ§Ù†Ø¯Ø§Ø±Ø¯Ù‡Ø§ÛŒ ÙÙ†ÛŒ Ùˆ Ø­Ø±ÙÙ‡ Ø§ÛŒ Ú©Ø´ÙˆØ± Ø´Ø§Ù…Ù„::: ::: :Ù…Ø¨Ø§Ù†ÛŒ ÙˆÙ…ÙØ§Ù‡ÛŒÙ… Ø´Ù†Ø§Ø®Øª Ú©Ø§Ù…Ù¾ÛŒÙˆØªØ±ØŒØ³ÛŒØ³ØªÙ… Ø¹Ù…Ù„ ÙˆÛŒÙ†Ø¯ÙˆØ²ØŒÚ©Ø§Ø±Ø¨Ø§ Ø§ÛŒÙ†ØªØ±Ù†Øª Word Excel Powerpoint Access ÙˆÛŒÚ˜Ù‡ Ú©ÙˆØ¯Ú©Ø§Ù† ØŒÙ†ÙˆØ¬ÙˆØ§Ù†Ø§Ù† ØŒØ¬ÙˆØ§Ù†Ø§Ù† ØŒÚ©Ø§Ø±Ù…Ù†Ø¯Ø§Ù† ØŒ Ø¯Ø§Ù†Ø´Ø¬ÙˆÛŒØ§Ù† Ùˆ Ø·Ù„Ø§Ø¨ ØªÙˆØ³Ø· Ù…Ø±Ø¨ÛŒØ§Ù† Ù…Ø¬Ø±Ø¨ Ùˆ Ø¨Ø±ØªØ± Ø§Ø³ØªØ§Ù†ÛŒ Ø¯Ø§Ø±Ø§ÛŒ Ø§Ø¨Ù„Ø§Øº Ù…Ø±Ø¨ÛŒÚ¯Ø±ÛŒ Ø±Ø³Ù…ÛŒ Ø§Ø² Ø³Ø§Ø²Ù…Ø§Ù† ÙÙ†ÛŒ Ùˆ Ø­Ø±ÙÙ‡ Ø§ÛŒ \r\n\r\n', 'Ú©Ø§Ø±Ø¢Ù…ÙˆØ² Ø¯Ø± Ø§ÛŒÙ† Ø¯ÙˆØ±Ù‡ Ø§Ø²Ø§Ø¨ØªØ¯Ø§ Ø¨Ø§ Ø§Ø¬Ø²Ø§ ØªØ´Ú©ÛŒÙ„ Ø¯Ù‡Ù†Ø¯Ù‡ Ú©Ø§Ù…Ù¾ÛŒÙˆØªØ± Ø¢Ø´Ù†Ø§ Ù…ÛŒ Ø´ÙˆØ¯ Ú©Ø§Ø± Ø¨Ø§ ØµÙØ­Ù‡ Ú©Ù„ÛŒØ¯ Ùˆ Ù…Ø§ÙˆØ³ Ø±Ø§ ÛŒØ§Ø¯ Ù…ÛŒ Ú¯ÛŒØ±Ø¯ Ø¯Ø± Ù…Ø±Ø­Ù„Ù‡ Ø¨Ø¹Ø¯ÛŒ Ù…Ù‡Ø§Ø±Øª Ú©Ø§Ø± Ø¨Ø§ Ø³ÛŒØ³ØªÙ… Ø¹Ù…Ù„ ÙˆÛŒÙ†Ø¯ÙˆØ² Ùˆ Ø§ÛŒÙ†ØªØ±Ù†Øª Ø±Ø§ Ú©Ø§Ù…Ù„ Ø¢Ù…ÙˆØ²Ø´ Ù…ÛŒ Ø¨ÛŒÙ†Ø¯ Ùˆ Ø¯Ø± Ù…Ø±Ø­Ù„Ù‡ Ø¨Ø¹Ø¯ÛŒ Ú†Ù‡Ø§Ø± Ù†Ø±Ù… Ø§ÙØ²Ø§Ø± Ø§Ø¯Ø§Ø±ÛŒ Ù…Ù‡Ù… Ù…Ù‡Ø§Ø±Øª Ù¾ÛŒØ¯Ø§ Ù…ÛŒ Ú©Ù†Ø¯ Ú©Ù‡ Ø¨ØªÙˆØ§Ù†Ø¯ Ø¨Ø±Ø§Ø­ØªÛŒ ÛŒÚ© ÙØ§ÛŒÙ„ Ù…ØªÙ†ÛŒ Ùˆ Ø¬Ø¯Ø§ÙˆÙ„ Ø¯Ø§Ø®Ù„ ÙØ§ÛŒÙ„ Ù…ØªÙ†ÛŒ Ø§ÛŒØ¬Ø§Ø¯ Ù†Ù…Ø§ÛŒØ¯ ÛŒÚ© Ù¾Ø§ÙˆØ±Ù¾ÙˆÛŒÙ†Øª Ø¨Ø±Ø§ÛŒ Ø§Ø±Ø§Ø¦Ù‡ Ù…Ø·Ø§Ù„Ø¨ Ø§ÛŒØ¬Ø§Ø¯Ú©Ù†Ø¯ ÛŒÚ© ÙØ§ÛŒÙ„ Ø¬Ø¯ÙˆÙ„ÛŒ Ø¨Ø±Ø§ÛŒ Ø§Ø±Ø§ÛŒÙ‡ Ú¯Ø²Ø§Ø±Ø´ Ù‡Ø§ÛŒ Ú©Ø§Ø±ÛŒ Ùˆ Ø­Ø³Ø§Ø¨Ø¯Ø§Ø±ÛŒ Ø§ÛŒØ¬Ø§Ø¯ Ú©Ù†Ø¯ Ùˆ Ø¯Ø± Ù†Ù‡Ø§ÛŒØª Ù…ÛŒ ØªÙˆØ§Ù†Ø¯ ÛŒÚ© ÙØ§ÛŒÙ„ Ø¨Ø§Ù†Ú© Ø§Ø·Ù„Ø§Ø¹Ø§ØªÛŒ Ø¨Ø§ Ø§Ú©Ø³Ø³ Ø§ÛŒØ¬Ø§Ø¯ Ú©Ù†Ø¯ Ø¨Ø±Ø§ÛŒ Ù…Ø´Ø§Ù‡Ø¯Ù‡ Ú©Ø§Ù…Ù„ Ø³Ø±ÙØµÙ„ Ù‡Ø§ÛŒ Ø§Ø³ØªØ§Ù†Ø¯Ø§Ø±Ø¯Ù‡Ø§ÛŒ Ø¢Ù…ÙˆØ²Ø´ÛŒ Ø³Ø§Ø²Ù…Ø§Ù† Ø¢Ù…ÙˆØ²Ø´ ÙÙ†ÛŒ Ùˆ Ø­Ø±ÙÙ‡ Ø§ÛŒ Ø§Ø² Ù…Ù†ÙˆÛŒ Ø±Ø´ØªÙ‡ Ù‡Ø§ Ù‡Ù…ÛŒÙ† Ø³Ø§ÛŒØª ØŒ ÙØ§ÛŒÙ„ pdf Ú©Ø§Ù…Ù„ Ø§ÛŒÙ† Ø¯ÙˆØ±Ù‡ Ø±Ø§ Ø¯Ø§Ù†Ù„ÙˆØ¯ ÙØ±Ù…Ø§Ø¦ÛŒØ¯.\r\n\r\n', 30, 'uploads/courses/1748798836_images.png', '6189', NULL, 0, '2025-06-01 17:26:16', '1404/04/15', 'Ø²ÙˆØ¬'),
(64, 'ICDL (Ù…Ù‡Ø§Ø±Øª Ù‡ÙØªÚ¯Ø§Ù†Ù‡ Ø¯ÙˆØ±Ù‡ Ù…Ù‚Ø¯Ù…Ø§ØªÛŒ Ú©Ø§Ù…Ù¾ÛŒÙˆØªØ±)', '20-22', 3, 4500000, 'Ù‡Ø¯ÛŒÛŒ', 'Ù…Ù‡Ø§Ø±Øª Ù‡ÙØª Ú¯Ø§Ù†Ù‡ Ú©Ø§Ù…Ù¾ÛŒÙˆØªØ± 130 Ø³Ø§Ø¹Øª Ú©Ø§Ù…Ù„ Ø·Ø¨Ù‚ Ø§Ø³ØªØ§Ù†Ø¯Ø§Ø±Ø¯Ù‡Ø§ÛŒ ÙÙ†ÛŒ Ùˆ Ø­Ø±ÙÙ‡ Ø§ÛŒ Ú©Ø´ÙˆØ± Ø´Ø§Ù…Ù„::: ::: :Ù…Ø¨Ø§Ù†ÛŒ ÙˆÙ…ÙØ§Ù‡ÛŒÙ… Ø´Ù†Ø§Ø®Øª Ú©Ø§Ù…Ù¾ÛŒÙˆØªØ±ØŒØ³ÛŒØ³ØªÙ… Ø¹Ù…Ù„ ÙˆÛŒÙ†Ø¯ÙˆØ²ØŒÚ©Ø§Ø±Ø¨Ø§ Ø§ÛŒÙ†ØªØ±Ù†Øª Word Excel Powerpoint Access ÙˆÛŒÚ˜Ù‡ Ú©ÙˆØ¯Ú©Ø§Ù† ØŒÙ†ÙˆØ¬ÙˆØ§Ù†Ø§Ù† ØŒØ¬ÙˆØ§Ù†Ø§Ù† ØŒÚ©Ø§Ø±Ù…Ù†Ø¯Ø§Ù† ØŒ Ø¯Ø§Ù†Ø´Ø¬ÙˆÛŒØ§Ù† Ùˆ Ø·Ù„Ø§Ø¨ ØªÙˆØ³Ø· Ù…Ø±Ø¨ÛŒØ§Ù† Ù…Ø¬Ø±Ø¨ Ùˆ Ø¨Ø±ØªØ± Ø§Ø³ØªØ§Ù†ÛŒ Ø¯Ø§Ø±Ø§ÛŒ Ø§Ø¨Ù„Ø§Øº Ù…Ø±Ø¨ÛŒÚ¯Ø±ÛŒ Ø±Ø³Ù…ÛŒ Ø§Ø² Ø³Ø§Ø²Ù…Ø§Ù† ÙÙ†ÛŒ Ùˆ Ø­Ø±ÙÙ‡ Ø§ÛŒ \r\n\r\n', 'Ú©Ø§Ø±Ø¢Ù…ÙˆØ² Ø¯Ø± Ø§ÛŒÙ† Ø¯ÙˆØ±Ù‡ Ø§Ø²Ø§Ø¨ØªØ¯Ø§ Ø¨Ø§ Ø§Ø¬Ø²Ø§ ØªØ´Ú©ÛŒÙ„ Ø¯Ù‡Ù†Ø¯Ù‡ Ú©Ø§Ù…Ù¾ÛŒÙˆØªØ± Ø¢Ø´Ù†Ø§ Ù…ÛŒ Ø´ÙˆØ¯ Ú©Ø§Ø± Ø¨Ø§ ØµÙØ­Ù‡ Ú©Ù„ÛŒØ¯ Ùˆ Ù…Ø§ÙˆØ³ Ø±Ø§ ÛŒØ§Ø¯ Ù…ÛŒ Ú¯ÛŒØ±Ø¯ Ø¯Ø± Ù…Ø±Ø­Ù„Ù‡ Ø¨Ø¹Ø¯ÛŒ Ù…Ù‡Ø§Ø±Øª Ú©Ø§Ø± Ø¨Ø§ Ø³ÛŒØ³ØªÙ… Ø¹Ù…Ù„ ÙˆÛŒÙ†Ø¯ÙˆØ² Ùˆ Ø§ÛŒÙ†ØªØ±Ù†Øª Ø±Ø§ Ú©Ø§Ù…Ù„ Ø¢Ù…ÙˆØ²Ø´ Ù…ÛŒ Ø¨ÛŒÙ†Ø¯ Ùˆ Ø¯Ø± Ù…Ø±Ø­Ù„Ù‡ Ø¨Ø¹Ø¯ÛŒ Ú†Ù‡Ø§Ø± Ù†Ø±Ù… Ø§ÙØ²Ø§Ø± Ø§Ø¯Ø§Ø±ÛŒ Ù…Ù‡Ù… Ù…Ù‡Ø§Ø±Øª Ù¾ÛŒØ¯Ø§ Ù…ÛŒ Ú©Ù†Ø¯ Ú©Ù‡ Ø¨ØªÙˆØ§Ù†Ø¯ Ø¨Ø±Ø§Ø­ØªÛŒ ÛŒÚ© ÙØ§ÛŒÙ„ Ù…ØªÙ†ÛŒ Ùˆ Ø¬Ø¯Ø§ÙˆÙ„ Ø¯Ø§Ø®Ù„ ÙØ§ÛŒÙ„ Ù…ØªÙ†ÛŒ Ø§ÛŒØ¬Ø§Ø¯ Ù†Ù…Ø§ÛŒØ¯ ÛŒÚ© Ù¾Ø§ÙˆØ±Ù¾ÙˆÛŒÙ†Øª Ø¨Ø±Ø§ÛŒ Ø§Ø±Ø§Ø¦Ù‡ Ù…Ø·Ø§Ù„Ø¨ Ø§ÛŒØ¬Ø§Ø¯Ú©Ù†Ø¯ ÛŒÚ© ÙØ§ÛŒÙ„ Ø¬Ø¯ÙˆÙ„ÛŒ Ø¨Ø±Ø§ÛŒ Ø§Ø±Ø§ÛŒÙ‡ Ú¯Ø²Ø§Ø±Ø´ Ù‡Ø§ÛŒ Ú©Ø§Ø±ÛŒ Ùˆ Ø­Ø³Ø§Ø¨Ø¯Ø§Ø±ÛŒ Ø§ÛŒØ¬Ø§Ø¯ Ú©Ù†Ø¯ Ùˆ Ø¯Ø± Ù†Ù‡Ø§ÛŒØª Ù…ÛŒ ØªÙˆØ§Ù†Ø¯ ÛŒÚ© ÙØ§ÛŒÙ„ Ø¨Ø§Ù†Ú© Ø§Ø·Ù„Ø§Ø¹Ø§ØªÛŒ Ø¨Ø§ Ø§Ú©Ø³Ø³ Ø§ÛŒØ¬Ø§Ø¯ Ú©Ù†Ø¯ Ø¨Ø±Ø§ÛŒ Ù…Ø´Ø§Ù‡Ø¯Ù‡ Ú©Ø§Ù…Ù„ Ø³Ø±ÙØµÙ„ Ù‡Ø§ÛŒ Ø§Ø³ØªØ§Ù†Ø¯Ø§Ø±Ø¯Ù‡Ø§ÛŒ Ø¢Ù…ÙˆØ²Ø´ÛŒ Ø³Ø§Ø²Ù…Ø§Ù† Ø¢Ù…ÙˆØ²Ø´ ÙÙ†ÛŒ Ùˆ Ø­Ø±ÙÙ‡ Ø§ÛŒ Ø§Ø² Ù…Ù†ÙˆÛŒ Ø±Ø´ØªÙ‡ Ù‡Ø§ Ù‡Ù…ÛŒÙ† Ø³Ø§ÛŒØª ØŒ ÙØ§ÛŒÙ„ pdf Ú©Ø§Ù…Ù„ Ø§ÛŒÙ† Ø¯ÙˆØ±Ù‡ Ø±Ø§ Ø¯Ø§Ù†Ù„ÙˆØ¯ ÙØ±Ù…Ø§Ø¦ÛŒØ¯.\r\n\r\n', 30, 'uploads/courses/1748798974_images.jpg', '3911', NULL, 0, '2025-06-01 17:29:34', '1404/04/20', 'Ø²ÙˆØ¬'),
(65, 'Ù…Ø¯ÛŒØ± Ø³Ø±ÙˆÛŒØ³ Ø¯Ù‡Ù†Ø¯Ù‡ Ù‡Ø§ÛŒ Ù…Ø§ÛŒÚ©Ø±ÙˆØ³Ø§ÙØª(MCSE)', '18-21', 6, 14800000, 'Ø§Ø³ØªØ§Ø¯ Ú©Ø§Ø¸Ù…ÛŒØ§Ù†', 'Ù…Ø¨Ø§Ù†ÛŒ Ù…ÙØ§Ù‡ÛŒÙ… ØªØ¦ÙˆØ±ÛŒ Ø´Ø¨Ú©Ù‡ Ù‡Ø§ÛŒ Ú©Ø§Ù…Ù¾ÛŒÙˆØªØ± Ø·Ø¨Ù‚ Ø³Ø±ÙØµÙ„ Ù‡Ø§ Ø§Ø³ØªØ§Ù†Ø¯Ø§Ø±Ø¯ Ø³Ø§Ø²Ù…Ø§Ù† ÙÙ†ÛŒ Ùˆ Ø­Ø±ÙÙ‡ Ø§ÛŒ Ú©Ø´ÙˆØ± Ùˆ Ø§Ø³ØªØ§Ù†Ø¯Ø§Ø±Ø¯ Ø¬Ù‡Ø§Ù†ÛŒ Ù†ØµØ¨ Ùˆ Ù¾ÛŒÚ©Ø±Ø¨Ù†Ø¯ÛŒ -win10 Ù†ØµØ¨Ùˆ Ù¾ÛŒÚ©Ø±Ø¨Ù†Ø¯ÛŒ winserver2019 - Ù†ØµØ¨ Ùˆ Ø±Ø§Ù‡ Ø§Ù†Ø¯Ø§Ø²ÛŒ Ø³Ø±ÙˆÛŒØ³ Ù‡Ø§ÛŒ Ø³ÛŒØ³ØªÙ… Ø¹Ø§Ù…Ù„ ÙˆÛŒÙ†Ø¯ÙˆØ² Ø³Ø±ÙˆØ± Ø¯Ø± Ø´Ø¨Ú©Ù‡ 40 Ø³Ø§Ø¹Øª Ø¢Ù…ÙˆØ²Ø´ ØªØ¦ÙˆØ±ÛŒ 180 Ø¹Ù…Ù„ÛŒ 100Ø³Ø§Ø¹Øª Ù¾Ø±ÙˆØ²Ù‡ Ùˆ 100 Ø³Ø§Ø¹Øª Ú©Ø§Ø±ÙˆØ±Ø²ÛŒ\r\n\r\n', 'Ú©Ø§Ø±Ø¢Ù…ÙˆØ²Ø§Ù† Ù…ÛŒ ØªÙˆØ§Ù†Ù†Ø¯ Ø¨Ø¹Ø¯ Ø§Ø² Ø§ØªÙ…Ø§Ù… Ø¯ÙˆØ±Ù‡ Ø¨Ø·ÙˆØ±Ú©Ø§Ù…Ù„ Ùˆ Ø­Ø±ÙÙ‡ Ø§ÛŒ Ø´Ø¨Ú©Ù‡ Ù‡Ø§ÛŒ Ù…Ø­Ù„ÛŒ Ø±Ø§ Ø·Ø±Ø§Ø­ÛŒ Ùˆ Ø§Ø¬Ø±Ø§ Ù†Ù…Ø§ÛŒÙ†Ø¯ Ù‡Ù…Ú†Ù†ÛŒÙ† Ø³ÛŒØ³ØªÙ… Ø¹Ø§Ù…Ù„ ÙˆÛŒÙ†Ø¯ÙˆØ² Ø¯Ù‡ Ùˆ ÙˆÛŒÙ†Ø¯ÙˆØ² Ø³Ø±ÙˆØ± Ù‡Ù…Ø±Ø§Ù‡ Ø¨Ø§ Ø³Ø±ÙˆÛŒØ³ Ù‡Ø§ÛŒ Ù…Ø±Ø¨ÙˆØ· Ø¨Ù‡ Ù…Ø§ÛŒÚ©Ø±ÙˆØ³Ø§ÙØª Ø±Ø§ Ø±Ø§Ù‡ Ù†Ø¯Ø§Ø²ÛŒ Ù†Ù…Ø§ÛŒÙ†Ø¯\r\n\r\n', 30, 'uploads/courses/1748799166_gtr (15).jpg', '6680', NULL, 0, '2025-06-01 17:32:46', '1404/04/10', 'Ø²ÙˆØ¬'),
(66, '+ Network Ù…Ø¨Ø§Ù†ÛŒ Ùˆ Ù…ÙØ§Ù‡ÛŒÙ… ØªØ¦ÙˆØ±ÛŒ Ø´Ø¨Ú©Ù‡', '19-21', 1, 2200000, 'Ø§Ø³ØªØ§Ø¯ Ú©Ø§Ø¸Ù…ÛŒØ§Ù†', 'Ø¯Ø± Ø§ÛŒÙ† Ø¯ÙˆØ±Ù‡ Ú©Ø§Ø±Ø¢Ù…ÙˆØ² Ø¨ØµÙˆØ±Øª Ú©Ø§Ù…Ù„ Ø³Ø§Ø®ØªØ§Ø± Ù…Ø¨Ø§Ù†ÛŒ Ùˆ Ù…ÙØ§Ù‡ÛŒÙ… ØªØ¦ÙˆØ±ÛŒ Ø¹Ù„Ù…ÛŒ Ø´Ø¨Ú©Ù‡ Ù‡Ø§ÛŒ Ú©Ø§Ù…Ù¾ÛŒÙˆØªØ±ÛŒ Ø±Ø§ Ø¢Ù…ÙˆØ²Ø´ Ù…ÛŒ Ø¨ÛŒÙ†Ø¯\r\n\r\n', 'Ø¬Ù‡Øª Ù…Ø´Ø§Ù‡Ø¯Ù‡ Ø³Ø±ÙØµÙ„ Ù‡Ø§ Ø¨Ù‡ Ø§Ø³ØªØ§Ù†Ø¯Ø§Ø±Ø¯ Ø¯ÙˆØ±Ù‡ Ù…Ø±Ø§Ø¬Ø¹Ù‡ Ø´ÙˆØ¯\r\n\r\n', 30, 'uploads/courses/1748800112_gtr (22).jpg', '9762', NULL, 0, '2025-06-01 17:47:15', '1404/04/10', 'Ø²ÙˆØ¬'),
(67, 'ØªØ¹Ù…ÛŒØ±Ø§Øª ØªØ®ØµØµÛŒ Ù„Ù¾ ØªØ§Ù¾ Ùˆ Ú©Ø§Ù…Ù¾ÛŒÙˆØªØ±PC', '16-18', 4, 7700000, 'Ø§Ø³ØªØ§Ø¯ Ù…ÙˆØ³ÙˆÛŒ', 'Ø¨ØµÙˆØ±Øª100Ùª Ø¹Ù„Ù…ÛŒ ØŒØ¹Ù…Ù„ÛŒØŒ Ú©Ø§Ø±Ø¨Ø±Ø¯ÛŒ Ù…Ø·Ø§Ø¨Ù‚ Ø¨Ø§Ø¨Ø§Ø²Ø§Ø± Ú©Ø§Ø±ØªÙˆØ³Ø· Ø§Ø³Ø§ØªÛŒØ¯Ø¨Ø±ØªØ±Ùˆ Ù…Ø¬Ø±Ø¨ ÙØ¹Ø§Ù„ Ø¯Ø±Ø¨Ø§Ø²Ø§Ø± Ú©Ø§Ø±Ø¨Ø§Ù…Ø±Ø¨ÛŒÚ¯Ø±ÛŒ Ø±Ø³Ù…ÛŒ Ø§Ø²Ø³Ø§Ø²Ù…Ø§Ù† ÙÙ†ÛŒ Ùˆ Ø­Ø±ÙÙ‡ Ø§ÛŒ\r\nØ§ÛŒÙ† Ø¯Ø±ÙˆÙ‡ Ø·Ø¨Ù‚ Ø§Ø³ØªØ§Ù†Ø¯Ø§Ø±Ø¯ Ù‡Ø§ÛŒ Ø³Ø§Ø²Ù…Ø§Ù† ÙÙ†ÛŒ Ùˆ Ø­Ø±ÙÙ‡ Ø§ÛŒ Ú©Ø´ÙˆØ± Ø§Ø² Ø´Ù†Ø§Ø®Øª Ù‚Ø·Ø¹Ø§Øª Ùˆ Ù…Ø¨Ø§Ù†ÛŒ Ùˆ Ù…ÙØ§Ù‡ÛŒÙ… Ø§Ù„Ú©ØªØ±ÙˆÙ†ÛŒÚ© Ø´Ø±ÙˆØ¹ Ø´Ø¯Ù‡ Ø³Ù¾Ø³ Ø´Ù…Ø§ØªÛŒÚ© ÛŒØ§ Ù‡Ù…Ø§Ù† Ù†Ù‚Ø´Ù‡ Ø®ÙˆØ§Ù†ÛŒ Ø±Ø§ Ø¨Ù‡ Ú©Ø§Ø±Ø¢Ù…ÙˆØ² Ø¢Ù…ÙˆØ²Ø´ Ø¯Ø§Ø¯Ù‡ Ø®ÙˆØ§Ù‡Ø¯ Ø´Ø¯ Ø³Ù¾Ø³ Ø¯Ø± Ø³Ø±ÙØµÙ„ Ø³ÙˆÙ… Ù†Ø­ÙˆÙ‡ Ø¹ÛŒØ¨ ÛŒØ§Ø¨ÛŒ Ú©Ù‡ Ù…Ù‡Ù…ØªØ±ÛŒÙ† Ø³Ø±ÙØµÙ„ Ù…ÛŒ Ø¨Ø§Ø´Ø¯ Ø¢Ù…ÙˆØ²Ø´ Ù…ÛŒ Ø¯Ù‡ÛŒÙ… Ú©Ù‡ Ú†Ø·ÙˆØ± ÛŒÚ© ØªØ¹Ù…ÛŒØ±Ú©Ø§Ø± Ø¨ØªÙˆØ§Ù†Ø¯ Ù…Ø´Ú©Ù„ Ø³Ø®Øª Ø§ÙØ²Ø§Ø±ÛŒ ÛŒÚ© Ù„Ù¾ ØªØ§Ù¾ Ø±Ø§ Ø´Ù†Ø§Ø³Ø§ÛŒÛŒ Ù†Ù…Ø§ÛŒØ¯ Ø¯Ø± Ù…Ø±Ø­Ù„Ù‡ Ø¨Ø¹Ø¯ Ø§Ø² Ø¹ÛŒØ¨ ÛŒØ§Ø¨ÛŒ Ù…Ø±Ø¨ÛŒ Ø¢Ù…ÙˆØ²Ø´ Ù…ÛŒ Ø¯Ù‡Ø¯ Ú©Ù‡ Ú©Ø§Ø±Ø¢Ù…ÙˆØ² Ø¨ØªÙˆØ§Ù†Ø¯ Ù‚Ø·Ø¹Ù‡ Ú©Ù‡ Ù…Ø¹ÛŒÙˆØ¨ Ø´Ø¯Ù‡ Ø±Ø§ ØªØ¹ÙˆÛŒØ¶ ÛŒØ§ ØªØ¹Ù…ÛŒØ± Ù†Ù…Ø§ÛŒØ¯\r\nÙ¾Ø´ØªÛŒØ¨Ø§Ù†ÛŒ ÙÙ†ÛŒ Ù†Ø§Ù…Ø­Ø¯ÙˆØ¯ØªÙˆØ³Ø· Ù…Ø±Ø¨ÛŒØ§Ù† Ø¨Ø±ØªØ±Ø­ØªÛŒ Ø¨Ø¹Ø¯Ø§Ø²Ø§ØªÙ…Ø§Ù… Ø¯ÙˆØ±Ù‡-Ø§Ø³ØªÙØ§Ø¯Ù‡ Ø§Ø²Ú©Ø§Ø±Ú¯Ø§Ù‡ Ùˆ ØªØ¬Ù‡ÛŒØ²Ø§Øª Ø¢Ù…ÙˆØ²Ø´ÛŒ Ø¨Ù‡ ØºÛŒØ± Ø§Ø² Ø³Ø§Ø¹Øª Ø¢Ù…ÙˆØ²Ø´ÛŒ Ø­ØªÛŒ Ø¨Ø¹Ø¯ Ø§Ø² Ø§ØªÙ…Ø§Ù… Ø¯ÙˆØ±Ù‡ Ø¨ØµÙˆØ±Øª Ø±Ø§ÛŒÚ¯Ø§Ù†', 'Ø³Ø±ÙØµÙ„ Ù‡Ø§ÛŒ Ø¯ÙˆØ±Ù‡ 1-Ø§Ù„Ú©ØªØ±ÙˆÙ†ÛŒÚ© Ùˆ Ø´Ù†Ø§Ø®Øª Ù‚Ø·Ø¹Ø§Øª 2-Ù†Ù‚Ø´Ø® Ø®ÙˆØ§Ù†ÛŒ 3- Ø¹ÛŒØ¨Øª ÛŒØ§Ø¨ÛŒ 4- ØªØ¹ÙˆÛŒØ¶ Ù‚Ø·Ø¹Ø§Øª 5- ØªØ¹Ù…ÛŒØ±Ù‚Ø·Ø¹Ø§Øª\r\nØ¨Ø±Ø§ÛŒ Ù…Ø´Ø§Ù‡Ø¯Ù‡ Ú©Ø§Ù…Ù„ Ø³Ø±ÙØµÙ„ Ù‡Ø§ÛŒ Ø§Ø³ØªØ§Ù†Ø¯Ø§Ø±Ø¯Ù‡Ø§ÛŒ Ø¢Ù…ÙˆØ²Ø´ÛŒ Ø³Ø§Ø²Ù…Ø§Ù† Ø¢Ù…ÙˆØ²Ø´ ÙÙ†ÛŒ Ùˆ Ø­Ø±ÙÙ‡ Ø§ÛŒ Ø§Ø² Ù…Ù†ÙˆÛŒ Ø±Ø´ØªÙ‡ Ù‡Ø§ Ù‡Ù…ÛŒÙ† Ø³Ø§ÛŒØª ØŒ ÙØ§ÛŒÙ„ pdf Ú©Ø§Ù…Ù„ Ø§ÛŒÙ† Ø¯ÙˆØ±Ù‡ Ø±Ø§ Ø¯Ø§Ù†Ù„ÙˆØ¯ ÙØ±Ù…Ø§Ø¦ÛŒØ¯.\r\n\r\n', 30, 'uploads/courses/1748878856_laptop-repairs-pagebanner.png', '9399', NULL, 0, '2025-06-02 15:40:56', '1404/04/10', 'Ø²ÙˆØ¬'),
(68, 'ÙØªÙˆØ´Ø§Ù¾', '16-18', 2, 3800000, 'Ø±Ù†Ø¬Ø¨Ø±', 'Ø¢Ù…ÙˆØ²Ø´ Ú©Ø§Ù…Ù„ Ùˆ Ø¬Ø§Ù…Ø¹ Ù†Ø±Ù… Ø§ÙØ²Ø§Ø± ÙØªÙˆØ´Ø§Ù¾ Ø¨ØµÙˆØ±Øª 100%Ø¹Ù„Ù…ÛŒ ØŒØ¹Ù…Ù„ÛŒ Ùˆ Ú©Ø§Ø±Ø¨Ø±Ø¯ÛŒ Ù…Ø·Ø§Ø¨Ù‚ Ø¨Ø§Ø²Ø§Ø± Ú©Ø§Ø± ØªÙˆØ³Ø· Ø§Ø³Ø§ØªÛŒØ¯ Ù…Ø¬Ø±Ø¨ Ùˆ Ø¨Ø±ØªØ±\r\n\r\n', 'Ø¢Ù…ÙˆØ²Ø´ ÙˆÛŒØ±Ø§ÛŒØ´ Ùˆ Ø§Ø¯ÛŒØªÙˆØ±ÛŒ ØªØµØ§ÙˆÛŒØ± Ø¬Ù‡Øª Ø§Ø³ØªÙØ§Ø¯Ù‡ Ø¯Ø± Ù†Ø±Ù… Ø§ÙØ²Ø§Ø±Ù‡Ø§ÛŒ Ù…Ø­ÛŒØ· Ù…Ø¬Ø§Ø²ÛŒ Ù…Ø§Ù†Ù†Ø¯ Ø§ÛŒÙ†Ø³ØªÚ¯Ø±Ø§Ù… ØŒ ÙˆØ§ØªØ³Ø§Ù¾ØŒ ØªÙ„Ú¯Ø±Ø§Ù…ØŒ Ø§ÛŒØªØ§ Ùˆ... Ø¢Ù…ÙˆØ²Ø´ ÙˆÛŒØ±Ø§ÛŒØ´ Ùˆ Ø§Ø¯ÛŒØªÙˆØ±ÛŒ ØªØµØ§ÙˆÛŒØ±ØŒ Ø§ØµÙ„Ø§Ø­ Ø±Ù†Ú¯ Ù…ÛŒÚ©Ø³ Ùˆ Ù…ÙˆÙ†ØªØ§Ú˜ ØªØµØ§ÙˆÛŒØ± Ø¬Ù‡Øª Ø§Ø´ØªØºØ§Ù„ Ø¯Ø± Ø¢ØªÙ„ÛŒÙ‡ (Ø¹Ú©Ø§Ø³ÛŒ)\r\n\r\nØ¨Ø±Ø§ÛŒ Ù…Ø´Ø§Ù‡Ø¯Ù‡ Ú©Ø§Ù…Ù„ Ø³Ø±ÙØµÙ„ Ù‡Ø§ÛŒ Ø§Ø³ØªØ§Ù†Ø¯Ø§Ø±Ø¯Ù‡Ø§ÛŒ Ø¢Ù…ÙˆØ²Ø´ÛŒ Ø³Ø§Ø²Ù…Ø§Ù† Ø¢Ù…ÙˆØ²Ø´ ÙÙ†ÛŒ Ùˆ Ø­Ø±ÙÙ‡ Ø§ÛŒ Ø§Ø² Ù…Ù†ÙˆÛŒ Ø±Ø´ØªÙ‡ Ù‡Ø§ Ù‡Ù…ÛŒÙ† Ø³Ø§ÛŒØª ØŒ ÙØ§ÛŒÙ„ pdf Ú©Ø§Ù…Ù„ Ø§ÛŒÙ† Ø¯ÙˆØ±Ù‡ Ø±Ø§ Ø¯Ø§Ù†Ù„ÙˆØ¯ ÙØ±Ù…Ø§Ø¦ÛŒØ¯.\r\n', 30, 'uploads/courses/1748880220_Ú¯Ø±Ø§ÙÛŒÚ©.jpg', '3146', NULL, 0, '2025-06-02 16:03:40', '1404/04/10', 'Ø²ÙˆØ¬'),
(69, 'Ø·Ø±Ø§Ø­ÛŒ Ø³Ø§ÛŒØª Ù…Ù‚Ø¯Ù…Ø§ØªÛŒ ÙØ±Ø§Ù†Øª Ø§Ù†Ø¯ (ØªÙˆÙ„ÛŒØ¯ Ú©Ù†Ù†Ø¯Ù‡ Ùˆ ØªÙˆØ³Ø¹Ù‡ Ø¯Ù‡Ù†Ø¯Ù‡ Ø§ÛŒ Ù¾Ø§ÛŒÚ¯Ø§Ù‡ Ù‡Ø§ÛŒ Ø§ÛŒÙ†ØªØ±Ù†ØªÛŒ)', '19-21', 5, 12800000, 'Ø³ÛŒØ¯Ø¢Ù‚Ø§Ø¦ÛŒ', 'Ø¢Ù…ÙˆØ²Ø´ ØªØ®ØµØµÛŒ Ø·Ø±Ø§Ø­ÛŒ ÙˆØ¨ Ø¬Ù‡Øª Ø§Ø¬Ø±Ø§ÛŒ Ù¾Ø±ÙˆÚ˜Ù‡ Ø¯Ø§Ù†Ø´Ø¬ÙˆÛŒÛŒ ÙˆØ§Ø´ØªØºØ§Ù„ Ø¯Ø±Ø¨Ø§Ø²Ø§Ø±Ú©Ø§Ø± Ù¾Ø´ØªÛŒØ¨Ø§Ù†ÛŒ ÙÙ†ÛŒ Ú©Ø§Ø±Ø¢Ù…ÙˆØ²Ø§Ù† Ø¬Ù‡Øª Ø§Ø¬Ø±Ø§ÛŒ Ù¾Ø±ÙˆÚ˜Ù‡ Ù‡Ø§ÛŒ Ú©Ø§Ø±ÛŒ Ø¨Ø¹Ø¯Ø§Ø²Ø§ØªÙ…Ø§Ù… Ø¯ÙˆØ±Ù‡ ØªÙˆØ³Ø· Ù…Ø±Ø¨ÛŒØ§Ù† Ø¨Ø±ØªØ± Ú©Ø§Ø±Ø¢Ù…ÙˆØ² Ø¨Ø¹Ø¯ Ø§Ø² Ø§ØªÙ…Ø§Ù… Ø¯ÙˆØ±Ù‡ Ù…ÛŒ ØªÙˆØ§Ù†Ø¯ Ø¨Ù‡ Ø±Ø§Ø­ØªÛŒ Ù¾Ø±ÙˆÚ˜Ù‡ Ù‡Ø§ÛŒ Ù…Ø±Ø¨ÙˆØ· Ø¨Ù‡ ÙØ±Ø§Ù†Øª Ø§ÛŒÙ†Ø¯ Ø±Ø§ Ø·Ø±Ø§Ø­ÛŒ Ù†Ù…Ø§ÛŒØ¯Ùˆ Ø¯Ø± ØµÙˆØ±Øª Ù†ÛŒØ§Ø² Ø§Ø² Ù¾Ø´ØªÛŒØ¨Ø§Ù†ÛŒ Ø§Ø³ØªØ§Ø¯ Ø§Ø³ØªÙØ§Ø¯Ù‡ Ù†Ù…Ø§ÛŒØ¯.\r\n', 'Ø³Ø±ÙØµÙ„ Ù‡Ø§ÛŒ Ø¢Ù…ÙˆØ²Ø´ÛŒ    html-css-bootstrap-Tailwind-javascript\r\nØ¨Ø±Ø§ÛŒ Ù…Ø´Ø§Ù‡Ø¯Ù‡ Ú©Ø§Ù…Ù„ Ø³Ø±ÙØµÙ„ Ù‡Ø§ÛŒ Ø§Ø³ØªØ§Ù†Ø¯Ø§Ø±Ø¯Ù‡Ø§ÛŒ Ø¢Ù…ÙˆØ²Ø´ÛŒ Ø³Ø§Ø²Ù…Ø§Ù† Ø¢Ù…ÙˆØ²Ø´ ÙÙ†ÛŒ Ùˆ Ø­Ø±ÙÙ‡ Ø§ÛŒ Ø§Ø² Ù…Ù†ÙˆÛŒ Ø±Ø´ØªÙ‡ Ù‡Ø§ Ù‡Ù…ÛŒÙ† Ø³Ø§ÛŒØª ØŒ ÙØ§ÛŒÙ„ pdf Ú©Ø§Ù…Ù„ Ø§ÛŒÙ† Ø¯ÙˆØ±Ù‡ Ø±Ø§ Ø¯Ø§Ù†Ù„ÙˆØ¯ ÙØ±Ù…Ø§Ø¦ÛŒØ¯.', 30, 'uploads/courses/1748880680_71188e22d9674e2e0f8e18ae1de9514a.jpeg', '10758', NULL, 9800000, '2025-06-02 16:09:33', '1404/04/10', 'Ø²ÙˆØ¬'),
(70, 'Ø·Ø±Ø§Ø­ÛŒ Ø³Ø§ÛŒØª Ù¾ÛŒØ´Ø±ÙØªÙ‡ -Ø¨Ú© Ø§Ù†Ø¯ (ØªÙˆØ³Ø¹Ù‡ Ø¯Ù‡Ù†Ø¯Ù‡ ØµÙØ­Ø§Øª ÙˆØ¨ Ø¨Ø§ php-my sql )', '17-19', 5, 10800000, 'Ø³ÛŒØ¯Ø¢Ù‚Ø§Ø¦ÛŒ', 'Ø¢Ù…ÙˆØ²Ø´ ØªØ®ØµØµÛŒ Ø·Ø±Ø§Ø­ÛŒ ÙˆØ¨ Ø¬Ù‡Øª Ø§Ø¬Ø±Ø§ÛŒ Ù¾Ø±ÙˆÚ˜Ù‡ Ø¯Ø§Ù†Ø´Ø¬ÙˆÛŒÛŒ ÙˆØ§Ø´ØªØºØ§Ù„ Ø¯Ø±Ø¨Ø§Ø²Ø§Ø±Ú©Ø§Ø± Ù¾Ø´ØªÛŒØ¨Ø§Ù†ÛŒ ÙÙ†ÛŒ Ú©Ø§Ø±Ø¢Ù…ÙˆØ²Ø§Ù† Ø¬Ù‡Øª Ø§Ø¬Ø±Ø§ÛŒ Ù¾Ø±ÙˆÚ˜Ù‡ Ù‡Ø§ÛŒ Ú©Ø§Ø±ÛŒ Ø¨Ø¹Ø¯Ø§Ø²Ø§ØªÙ…Ø§Ù… Ø¯ÙˆØ±Ù‡ ØªÙˆØ³Ø· Ù…Ø±Ø¨ÛŒØ§Ù† Ø¨Ø±ØªØ± Ú©Ø§Ø±Ø¢Ù…ÙˆØ² Ø¨Ø¹Ø¯ Ø§Ø² Ø§ØªÙ…Ø§Ù… Ø¯ÙˆØ±Ù‡ Ù…ÛŒ ØªÙˆØ§Ù†Ø¯ Ø¨Ù‡ Ø±Ø§Ø­ØªÛŒ Ù¾Ø±ÙˆÚ˜Ù‡ Ù‡Ø§ÛŒ Ù…Ø±Ø¨ÙˆØ· Ø¨Ù‡ Ø¨Ú© Ø§Ù†Ø¯ Ø±Ø§ Ø·Ø±Ø§Ø­ÛŒ Ùˆ Ø¯Ø± ØµÙˆØ±Øª Ù†ÛŒØ§Ø² Ø§Ø² Ù¾Ø´ØªÛŒØ¨Ø§Ù†ÛŒ Ø§Ø³ØªØ§Ø¯ Ø§Ø³ØªÙØ§Ø¯Ù‡ Ù†Ù…Ø§ÛŒØ¯.\r\n\r\n', 'Ø³Ø±ÙØµÙ„ Ù‡Ø§ÛŒ Ø¢Ù…ÙˆØ²Ø´ÛŒ : php-my sql \r\nØ¨Ø±Ø§ÛŒ Ù…Ø´Ø§Ù‡Ø¯Ù‡ Ú©Ø§Ù…Ù„ Ø³Ø±ÙØµÙ„ Ù‡Ø§ÛŒ Ø§Ø³ØªØ§Ù†Ø¯Ø§Ø±Ø¯Ù‡Ø§ÛŒ Ø¢Ù…ÙˆØ²Ø´ÛŒ Ø³Ø§Ø²Ù…Ø§Ù† Ø¢Ù…ÙˆØ²Ø´ ÙÙ†ÛŒ Ùˆ Ø­Ø±ÙÙ‡ Ø§ÛŒ Ø§Ø² Ù…Ù†ÙˆÛŒ Ø±Ø´ØªÙ‡ Ù‡Ø§ Ù‡Ù…ÛŒÙ† Ø³Ø§ÛŒØª ØŒ ÙØ§ÛŒÙ„ pdf Ú©Ø§Ù…Ù„ Ø§ÛŒÙ† Ø¯ÙˆØ±Ù‡ Ø±Ø§ Ø¯Ø§Ù†Ù„ÙˆØ¯ ÙØ±Ù…Ø§Ø¦ÛŒØ¯.', 30, 'uploads/courses/1748880886_b5f3bf20455342de13d776985b6113ca.jpeg', '9784', NULL, 88000000, '2025-06-02 16:14:46', '1404/05/30', 'Ø²ÙˆØ¬'),
(71, 'Ø­Ø³Ø§Ø¨Ø¯Ø§Ø±ÛŒ Ù…Ù‚Ø¯Ù…Ø§ØªÛŒ', '14-16', 2, 6800000, 'Ø§Ø³ØªØ§Ø¯ ÙØ±Ø§Ù‡Ø§Ù†ÛŒ', 'Ø¯Ø± Ø§ÛŒÙ† Ø¯ÙˆØ±Ù‡ Ú©Ø§Ø±Ø¢Ù…ÙˆØ² Ù…Ù‡Ø§Ø±Øª Ù‡Ø§ÛŒ Ù„Ø§Ø²Ù… Ø¬Ù‡Øª Ø«Ø¨Øª Ø³Ù†Ø¯Ù‡Ø§ÛŒ Ø±ÙˆØ²Ø§Ù†Ù‡ Ù…Ø§Ù‡Ø§Ù†Ù‡ Ùˆ Ø³Ø§Ù„Ø§Ù†Ù‡ Ø±Ø§ Ø¨ØµÙˆØ±Øª Ø¯Ø³ØªÛŒ Ø±Ø§ Ø¢Ù…ÙˆØ²Ø´ Ø®ÙˆØ§Ù‡Ø¯ Ø¯ÛŒØ¯\r\n', 'Ø¨Ø¹Ø¯ Ø§Ø² Ø§ØªÙ…Ø§Ù… Ø§ÛŒÙ† Ø¯ÙˆØ±Ù‡ ÛŒÚ© ÙØ±Ø¯ Ù…Ù‡Ø§Ø±Øª Ø¯ÛŒØ¯Ù‡ Ù…ÛŒ ØªÙˆØ§Ù†Ø¯ Ø¯Ø± Ù…Ø­Ù„ Ú©Ø§Ø± Ø¨Ù‡ Ø¹Ù†ÙˆØ§Ù† ÛŒÚ© Ú©Ø§Ø±Ø¨Ø±Ø­Ø³Ø§Ø¨Ø¯Ø§Ø±ÛŒ Ø³Ù†Ø¯ Ù‡Ø§ÛŒ Ø¢Ù† Ù…Ø±Ú©Ø² Ø±Ø§ Ø¨ØµÙˆØ±Øª Ø¯Ø³ØªÛŒ Ø«Ø¨Øª Ù†Ù…Ø§ÛŒØ¯ Ù…Ø´Ø§ÙˆØ±Ù‡ Ú©Ø§Ù…Ù„ Ø¨ØµÙˆØ±Øª Ø­Ø¶ÙˆØ±ÛŒ Ø¯Ø± Ù…Ø¬ØªÙ…Ø¹ Ø±Ø³Ø§Ù†Ù‡\r\n', 29, 'uploads/courses/1750772473_01a.jpg', '5492', NULL, 5400000, '2025-06-24 13:41:13', '1404/04/30', 'ÙØ±Ø¯');

-- --------------------------------------------------------

--
-- Table structure for table `course_registrations`
--

CREATE TABLE `course_registrations` (
  `id` int(11) NOT NULL,
  `name` varchar(255) NOT NULL,
  `family` varchar(255) NOT NULL,
  `national_id` varchar(10) DEFAULT NULL,
  `course_name` varchar(255) NOT NULL,
  `registration_date` timestamp NOT NULL DEFAULT current_timestamp(),
  `phone` varchar(15) DEFAULT NULL,
  `course_code` varchar(255) DEFAULT NULL,
  `is_seen` tinyint(1) DEFAULT 0
) ENGINE=InnoDB DEFAULT CHARSET=utf8mb3 COLLATE=utf8mb3_persian_ci;

--
-- Dumping data for table `course_registrations`
--

INSERT INTO `course_registrations` (`id`, `name`, `family`, `national_id`, `course_name`, `registration_date`, `phone`, `course_code`, `is_seen`) VALUES
(74, 'Ø§Ø¨ÙˆØ§Ù„ÙØ¶Ù„', 'Ø±Ø¶Ø§ÛŒÛŒ', '', 'ØªØ¹Ù…ÛŒØ±Ø§Øª ØªÙ„ÙÙ† Ù‡Ù…Ø±Ø§Ù‡', '2025-04-28 08:01:23', '09197309973', '3935', 1),
(75, 'Ø­Ø³ÛŒÙ†', 'Ø¨Ø§Ù‚Ø±ÛŒ', '', 'Ø­Ø³Ø§Ø¨Ø¯Ø§Ø±ÛŒ Ù…Ù‚Ø¯Ù…Ø§ØªÛŒ', '2025-05-22 17:51:13', '09904244163', '8863', 1),
(76, 'Ù…Ø­Ù…Ø¯ Ù…Ù‡Ø¯ÛŒ', 'Ø¢Ø±Ø§Ù…ÛŒ', '', 'ØªØ¹Ù…ÛŒØ±Ø§Øª ØªÙ„ÙÙ† Ù‡Ù…Ø±Ø§Ù‡', '2025-06-30 13:43:23', '09923036658', '3935', 0);

-- --------------------------------------------------------

--
-- Table structure for table `fields`
--

CREATE TABLE `fields` (
  `id` int(11) NOT NULL,
  `field_name` varchar(255) NOT NULL,
  `field_image` varchar(255) NOT NULL
) ENGINE=InnoDB DEFAULT CHARSET=utf8mb3 COLLATE=utf8mb3_persian_ci;

--
-- Dumping data for table `fields`
--

INSERT INTO `fields` (`id`, `field_name`, `field_image`) VALUES
(18, 'ÙÙ†Ø§ÙˆØ±ÛŒ Ø§Ø·Ù„Ø§Ø¹Ø§Øª (Ú©Ø§Ù…Ù¾ÛŒÙˆØªØ±)', '../uploads2/1750771423_download (1).jpg'),
(22, 'Ø§Ù„Ú©ØªØ±ÙˆÙ†ÛŒÚ© Ù…Ø®Ø§Ø¨Ø±Ø§Øª (ØªØ¹Ù…ÛŒØ±Ø§Øª ØªÙ„ÙÙ† Ù‡Ù…Ø±Ø§Ù‡)', '../uploads2/15_5000x5000.jpg'),
(23, 'Ø§Ù…ÙˆØ±Ù…Ø§Ù„ÛŒ Ùˆ Ø¨Ø§Ø²Ø±Ú¯Ø§Ù†ÛŒ (Ø­Ø³Ø§Ø¨Ø¯Ø§Ø±ÛŒ)', '../uploads2/Paperpen-and-calculator-mahaksoft-com.jpg'),
(24, 'Ø§Ù…ÙˆØ± Ø§Ø¯Ø§Ø±ÛŒ', '../uploads2/0.jpg'),
(25, 'Ù…Ø¹Ù…Ø§Ø±ÛŒ (Ù†Ø±Ù… Ø§ÙØ²Ø§Ø±Ù‡Ø§ÛŒ Ø·Ø±Ø§Ø­ÛŒ Ù…Ø¹Ù…Ø§Ø±ÛŒ Ùˆ Ø¹Ù…Ø±Ø§Ù†)', '../uploads2/1748783162_b.jpg');

-- --------------------------------------------------------

--
-- Table structure for table `jobs`
--

CREATE TABLE `jobs` (
  `id` int(11) NOT NULL,
  `category_id` int(11) DEFAULT NULL,
  `title` varchar(255) NOT NULL,
  `province` varchar(100) DEFAULT NULL,
  `description` text DEFAULT NULL,
  `skills` text DEFAULT NULL,
  `job_type` varchar(50) DEFAULT NULL,
  `location` varchar(255) DEFAULT NULL,
  `experience` varchar(100) DEFAULT NULL,
  `salary` int(11) DEFAULT NULL,
  `payment_method` varchar(100) DEFAULT NULL,
  `work_hours` varchar(100) DEFAULT NULL,
  `shift` varchar(100) DEFAULT NULL,
  `created_at` timestamp NOT NULL DEFAULT current_timestamp(),
  `military_status` varchar(255) DEFAULT NULL
) ENGINE=InnoDB DEFAULT CHARSET=utf8mb3 COLLATE=utf8mb3_persian_ci;

--
-- Dumping data for table `jobs`
--

INSERT INTO `jobs` (`id`, `category_id`, `title`, `province`, `description`, `skills`, `job_type`, `location`, `experience`, `salary`, `payment_method`, `work_hours`, `shift`, `created_at`, `military_status`) VALUES
(5, 5, 'Ù…Ø±Ø¨ÛŒ Ø·Ø±Ø§Ø­ÛŒ Ø³Ø§ÛŒØª', 'Ù‚Ù…', 'Ø¢Ù…ÙˆØ²Ø´ Ø¯ÙˆØ±Ù‡ Ù‡Ø§ÛŒ ÙØ±Ø§Ù†Øª Ùˆ Ø¨Ú©Ù†Ø¯ Ø·Ø±Ø§Ø­ÛŒ Ø³Ø§ÛŒØª', 'ØªØ®ØµØµ Ø¯Ø± Ù…Ù‡Ø§Ø±Øª html-css-java scipt-php-my sql php', 'Ù¾Ø§Ø±Ù‡ ÙˆÙ‚Øª', 'Ù…Ø¬ØªÙ…Ø¹ Ø¢Ù…ÙˆØ²Ø´ÛŒ Ø±Ø³Ø§Ù†Ù‡', '3+ Ø³Ø§Ù„', 200000, 'Ø³Ø§Ø¹ØªÛŒ', '15-22', 'Ø¹ØµØ±', '2025-05-14 16:32:05', 'ÙØ±Ù‚ÛŒ Ù†Ø¯Ø§Ø±Ø¯');

-- --------------------------------------------------------

--
-- Table structure for table `job_categories`
--

CREATE TABLE `job_categories` (
  `id` int(11) NOT NULL,
  `name` varchar(255) NOT NULL
) ENGINE=InnoDB DEFAULT CHARSET=utf8mb3 COLLATE=utf8mb3_persian_ci;

--
-- Dumping data for table `job_categories`
--

INSERT INTO `job_categories` (`id`, `name`) VALUES
(5, 'Ù…Ø±Ø¨ÛŒØ§Ù†');

-- --------------------------------------------------------

--
-- Table structure for table `login_logs`
--

CREATE TABLE `login_logs` (
  `id` int(11) NOT NULL,
  `user_id` int(11) NOT NULL,
  `ip_address` varchar(45) DEFAULT NULL,
  `user_agent` text DEFAULT NULL,
  `login_time` datetime DEFAULT current_timestamp()
) ENGINE=MyISAM DEFAULT CHARSET=latin1 COLLATE=latin1_swedish_ci;

--
-- Dumping data for table `login_logs`
--

INSERT INTO `login_logs` (`id`, `user_id`, `ip_address`, `user_agent`, `login_time`) VALUES
(1, 2, '185.115.78.76', 'Mozilla/5.0 (Windows NT 10.0; Win64; x64) AppleWebKit/537.36 (KHTML, like Gecko) Chrome/135.0.0.0 Safari/537.36 Edg/135.0.0.0', '2025-05-03 20:11:07'),
(2, 2, '185.115.78.76', 'Mozilla/5.0 (Windows NT 10.0; Win64; x64) AppleWebKit/537.36 (KHTML, like Gecko) Chrome/135.0.0.0 Safari/537.36', '2025-05-03 20:19:00'),
(3, 2, '46.41.250.99', 'Mozilla/5.0 (Windows NT 10.0; Win64; x64) AppleWebKit/537.36 (KHTML, like Gecko) Chrome/135.0.0.0 Safari/537.36', '2025-05-05 19:09:08'),
(4, 2, '51.89.232.10', 'Mozilla/5.0 (Windows NT 10.0; Win64; x64) AppleWebKit/537.36 (KHTML, like Gecko) Chrome/135.0.0.0 Safari/537.36', '2025-05-06 15:03:53'),
(5, 2, '185.115.78.15', 'Mozilla/5.0 (Windows NT 10.0; Win64; x64) AppleWebKit/537.36 (KHTML, like Gecko) Chrome/135.0.0.0 Safari/537.36', '2025-05-06 15:04:19'),
(6, 2, '5.115.109.71', 'Mozilla/5.0 (X11; Linux x86_64; rv:133.0) Gecko/20100101 Firefox/133.0', '2025-05-07 14:48:13'),
(7, 2, '5.117.87.178', 'Mozilla/5.0 (Linux; Android 10; K) AppleWebKit/537.36 (KHTML, like Gecko) Chrome/136.0.0.0 Mobile Safari/537.36', '2025-05-08 02:24:16'),
(8, 2, '5.116.44.72', 'Mozilla/5.0 (Windows NT 10.0; Win64; x64) AppleWebKit/537.36 (KHTML, like Gecko) Chrome/135.0.0.0 Safari/537.36', '2025-05-08 14:16:34'),
(9, 2, '5.116.156.160', 'Mozilla/5.0 (Linux; Android 10; K) AppleWebKit/537.36 (KHTML, like Gecko) Chrome/136.0.0.0 Mobile Safari/537.36', '2025-05-08 14:25:30'),
(10, 2, '5.116.123.254', 'Mozilla/5.0 (X11; Linux x86_64; rv:133.0) Gecko/20100101 Firefox/133.0', '2025-05-08 14:37:51'),
(11, 2, '5.117.42.238', 'Mozilla/5.0 (Linux; Android 10; K) AppleWebKit/537.36 (KHTML, like Gecko) Chrome/136.0.0.0 Mobile Safari/537.36', '2025-05-12 00:31:44'),
(12, 2, '185.115.78.75', 'Mozilla/5.0 (Windows NT 10.0; Win64; x64) AppleWebKit/537.36 (KHTML, like Gecko) Chrome/136.0.0.0 Safari/537.36', '2025-05-12 18:22:18'),
(13, 2, '5.117.201.8', 'Mozilla/5.0 (Linux; Android 10; K) AppleWebKit/537.36 (KHTML, like Gecko) Chrome/136.0.0.0 Mobile Safari/537.36', '2025-05-12 21:15:03'),
(14, 2, '185.115.78.42', 'Mozilla/5.0 (iPhone; CPU iPhone OS 18_3_2 like Mac OS X) AppleWebKit/605.1.15 (KHTML, like Gecko) CriOS/135.0.7049.83 Mobile/15E148 Safari/604.1', '2025-05-12 21:15:54'),
(15, 2, '46.41.240.101', 'Mozilla/5.0 (Windows NT 10.0; Win64; x64) AppleWebKit/537.36 (KHTML, like Gecko) Chrome/136.0.0.0 Safari/537.36', '2025-05-14 19:55:16'),
(16, 2, '46.41.195.40', 'Mozilla/5.0 (Windows NT 10.0; Win64; x64) AppleWebKit/537.36 (KHTML, like Gecko) Chrome/136.0.0.0 Safari/537.36 Edg/136.0.0.0', '2025-05-15 17:35:54'),
(17, 2, '46.41.203.112', 'Mozilla/5.0 (Windows NT 10.0; Win64; x64) AppleWebKit/537.36 (KHTML, like Gecko) Chrome/136.0.0.0 Safari/537.36', '2025-05-19 16:47:36'),
(18, 2, '46.41.238.61', 'Mozilla/5.0 (Windows NT 10.0; Win64; x64) AppleWebKit/537.36 (KHTML, like Gecko) Chrome/136.0.0.0 Safari/537.36', '2025-05-20 21:03:02'),
(19, 2, '46.41.238.61', 'Mozilla/5.0 (Windows NT 10.0; Win64; x64) AppleWebKit/537.36 (KHTML, like Gecko) Chrome/136.0.0.0 Safari/537.36', '2025-05-20 21:46:36'),
(20, 2, '46.41.192.82', 'Mozilla/5.0 (Windows NT 10.0; Win64; x64) AppleWebKit/537.36 (KHTML, like Gecko) Chrome/136.0.0.0 Safari/537.36', '2025-05-21 16:51:43'),
(21, 2, '185.115.78.171', 'Mozilla/5.0 (Windows NT 10.0; Win64; x64) AppleWebKit/537.36 (KHTML, like Gecko) Chrome/136.0.0.0 Safari/537.36 Edg/136.0.0.0', '2025-05-25 17:50:55'),
(22, 2, '185.115.78.102', 'Mozilla/5.0 (Windows NT 10.0; Win64; x64) AppleWebKit/537.36 (KHTML, like Gecko) Chrome/136.0.0.0 Safari/537.36', '2025-05-25 20:04:14'),
(23, 2, '46.41.218.21', 'Mozilla/5.0 (Windows NT 10.0; Win64; x64) AppleWebKit/537.36 (KHTML, like Gecko) Chrome/136.0.0.0 Safari/537.36', '2025-05-28 19:25:40'),
(24, 2, '46.41.201.80', 'Mozilla/5.0 (Windows NT 10.0; Win64; x64) AppleWebKit/537.36 (KHTML, like Gecko) Chrome/136.0.0.0 Safari/537.36', '2025-06-01 16:26:34'),
(25, 2, '46.41.201.80', 'Mozilla/5.0 (Windows NT 10.0; Win64; x64) AppleWebKit/537.36 (KHTML, like Gecko) Chrome/136.0.0.0 Safari/537.36', '2025-06-01 17:46:41'),
(26, 2, '46.41.201.80', 'Mozilla/5.0 (Windows NT 10.0; Win64; x64) AppleWebKit/537.36 (KHTML, like Gecko) Chrome/136.0.0.0 Safari/537.36', '2025-06-01 19:21:10'),
(27, 2, '46.41.201.80', 'Mozilla/5.0 (Windows NT 10.0; Win64; x64) AppleWebKit/537.36 (KHTML, like Gecko) Chrome/136.0.0.0 Safari/537.36', '2025-06-01 20:23:25'),
(28, 2, '46.41.230.238', 'Mozilla/5.0 (Windows NT 10.0; Win64; x64) AppleWebKit/537.36 (KHTML, like Gecko) Chrome/136.0.0.0 Safari/537.36', '2025-06-02 19:01:44'),
(29, 2, '46.41.241.120', 'Mozilla/5.0 (Windows NT 10.0; Win64; x64) AppleWebKit/537.36 (KHTML, like Gecko) Chrome/137.0.0.0 Safari/537.36', '2025-06-07 17:51:11'),
(30, 2, '185.115.78.188', 'Mozilla/5.0 (Windows NT 10.0; Win64; x64) AppleWebKit/537.36 (KHTML, like Gecko) Chrome/137.0.0.0 Safari/537.36 Edg/137.0.0.0', '2025-06-10 05:18:17'),
(31, 2, '46.41.220.179', 'Mozilla/5.0 (Windows NT 10.0; Win64; x64) AppleWebKit/537.36 (KHTML, like Gecko) Chrome/137.0.0.0 Safari/537.36', '2025-06-23 20:38:09'),
(32, 2, '46.41.225.187', 'Mozilla/5.0 (Windows NT 10.0; Win64; x64) AppleWebKit/537.36 (KHTML, like Gecko) Chrome/137.0.0.0 Safari/537.36', '2025-06-24 16:47:54'),
(33, 2, '46.41.225.187', 'Mozilla/5.0 (Windows NT 10.0; Win64; x64) AppleWebKit/537.36 (KHTML, like Gecko) Chrome/137.0.0.0 Safari/537.36', '2025-06-24 16:47:54');

-- --------------------------------------------------------

--
-- Table structure for table `majors`
--

CREATE TABLE `majors` (
  `id` int(11) NOT NULL,
  `major_name` varchar(255) NOT NULL,
  `major_image` varchar(255) NOT NULL
) ENGINE=InnoDB DEFAULT CHARSET=utf8mb3 COLLATE=utf8mb3_persian_ci;

--
-- Dumping data for table `majors`
--

INSERT INTO `majors` (`id`, `major_name`, `major_image`) VALUES
(29, 'Ø§Ù…ÙˆØ±Ù…Ø§Ù„ÛŒ Ùˆ Ø¨Ø§Ø²Ø±Ú¯Ø§Ù†ÛŒ (Ø­Ø³Ø§Ø¨Ø¯Ø§Ø±ÛŒ)', 'uploads/1740579164_Paperpen-and-calculator-mahaksoft-com.jpg'),
(30, 'ÙÙ†Ø§ÙˆØ±ÛŒ Ø§Ø·Ù„Ø§Ø¹Ø§Øª', 'uploads/1740596315_Remote-photo-of-graphic-design-of-computer-monitor-and-case-and-keyboard-and-mouse-1000.webp'),
(32, 'Ø§Ù„Ú©ØªØ±ÙˆÙ†ÛŒÚ© Ù…Ø®Ø§Ø¨Ø±Ø§Øª(ØªØ¹Ù…ÛŒØ±Ø§Øª Ù…ÙˆØ¨Ø§ÛŒÙ„)', 'uploads/images (2).jpg'),
(34, 'Ø§Ù…ÙˆØ±Ø§Ø¯Ø§Ø±ÛŒ', 'uploads/1745412182_13970431P786727680.jpg'),
(35, 'Ù…Ø¹Ù…Ø§Ø±ÛŒ(Ù†Ø±Ù… Ø§ÙØ²Ø§Ø±Ù‡Ø§ÛŒ Ø·Ø±Ø§Ø­ÛŒ Ù…Ø¹Ù…Ø§Ø±ÛŒ Ùˆ Ø¹Ù…Ø±Ø§Ù†)', 'uploads/1745412253_02.jpg');

-- --------------------------------------------------------

--
-- Table structure for table `messages`
--

CREATE TABLE `messages` (
  `id` int(11) NOT NULL,
  `phone` varchar(11) NOT NULL,
  `message` text NOT NULL,
  `name` varchar(255) NOT NULL,
  `lname` varchar(255) NOT NULL,
  `created_at` timestamp NOT NULL DEFAULT current_timestamp(),
  `is_read` tinyint(1) DEFAULT 0
) ENGINE=InnoDB DEFAULT CHARSET=utf8mb3 COLLATE=utf8mb3_persian_ci;

--
-- Dumping data for table `messages`
--

INSERT INTO `messages` (`id`, `phone`, `message`, `name`, `lname`, `created_at`, `is_read`) VALUES
(22, '09123456789', 'Ø³Ø§ÛŒØªØªÙˆÙ† Ø¹Ø§Ù„ÛŒÙ‡', 'Ù…Ø­Ù…Ø¯', 'Ø®Ø§Ù† Ø§Ø­Ù…Ø¯ÛŒ', '2025-06-23 08:07:26', 1);

-- --------------------------------------------------------

--
-- Table structure for table `pre_registration`
--

CREATE TABLE `pre_registration` (
  `id` int(11) NOT NULL,
  `name` varchar(255) NOT NULL,
  `family` varchar(255) NOT NULL,
  `national_id` varchar(20) DEFAULT NULL,
  `created_at` timestamp NOT NULL DEFAULT current_timestamp(),
  `course_name` varchar(255) NOT NULL,
  `course_code` varchar(50) NOT NULL,
  `phone` varchar(20) NOT NULL
) ENGINE=InnoDB DEFAULT CHARSET=utf8mb3 COLLATE=utf8mb3_persian_ci;

--
-- Dumping data for table `pre_registration`
--

INSERT INTO `pre_registration` (`id`, `name`, `family`, `national_id`, `created_at`, `course_name`, `course_code`, `phone`) VALUES
(110, 'امیر', 'عزیز التجار', '', '2025-02-07 21:50:31', 'php', 'PRG1738964636', '09301832546');

-- --------------------------------------------------------

--
-- Table structure for table `programs`
--

CREATE TABLE `programs` (
  `id` int(11) NOT NULL,
  `field_id` int(11) NOT NULL,
  `program_name` varchar(255) NOT NULL,
  `program_description` text DEFAULT NULL,
  `program_hours` varchar(50) DEFAULT NULL,
  `program_duration` int(11) DEFAULT NULL,
  `program_price` decimal(10,2) DEFAULT NULL,
  `instructor_name` varchar(255) NOT NULL,
  `course_description` text DEFAULT NULL,
  `topics_to_learn` text DEFAULT NULL,
  `program_image` varchar(255) DEFAULT NULL,
  `learning_objectives` longtext NOT NULL,
  `program_code` varchar(20) NOT NULL,
  `course_pdf` varchar(255) DEFAULT NULL
) ENGINE=InnoDB DEFAULT CHARSET=utf8mb3 COLLATE=utf8mb3_persian_ci;

--
-- Dumping data for table `programs`
--

INSERT INTO `programs` (`id`, `field_id`, `program_name`, `program_description`, `program_hours`, `program_duration`, `program_price`, `instructor_name`, `course_description`, `topics_to_learn`, `program_image`, `learning_objectives`, `program_code`, `course_pdf`) VALUES
(28, 18, 'ICDL', 'Ù…Ù‡Ø§Ø±Øª Ù‡ÙØª Ú¯Ø§Ù†Ù‡ Ú©Ø§Ù…Ù¾ÛŒÙˆØªØ± Ø´Ø§Ù…Ù„ 1-Ù…Ø¨Ø§Ù†ÛŒ Ùˆ Ù…ÙØ§Ù‡ÛŒÙ… Ø´Ù†Ø§Ø®Øª Ú©Ø§Ù…Ù¾ÛŒÙˆØªØ±2- Ø³ÛŒØ³ØªÙ… Ø¹Ù…Ù„ ÙˆÛŒÙ†Ø¯ÙˆØ²3-Ú©Ø§Ø±Ø¨Ø§ Ø§ÛŒÙ†ØªØ±Ù†Øª  4-Access-7  powepoint-6  Excel-5    Word ', '0', 3, 0.00, '', NULL, NULL, 'uploads2/courses/course_67d326a11fff65.55959975.png', 'Ú©Ø§Ø±Ø¢Ù…ÙˆØ² Ø¯Ø±Ø§ÛŒÙ† Ø¯ÙˆØ±Ù‡ Ø§Ø²Ø§Ø¨ØªØ¯Ø§ Ø¨Ø§ Ø§Ø¬Ø²Ø§ ØªØ´Ú©ÛŒÙ„ Ø¯Ù‡Ù†Ø¯Ù‡ Ú©Ø§Ù…Ù¾ÛŒÙˆØªØ±ØŒ Ú©Ø§Ø± Ø¨Ø§ ØµÙØ­Ù‡ Ú©Ù„ÛŒØ¯ Ùˆ Ù…Ø§ÙˆØ³ Ø±Ø§ ÙØ±Ø§Ú¯Ø±ÙØªÙ‡ Ø¯Ø±Ù…Ø±Ø­Ù„Ù‡ Ø¨Ø¹Ø¯ÛŒ Ù…Ù‡Ø§Ø±Øª Ú©Ø§Ø± Ø¨Ø§Ø³ÛŒØ³ØªÙ… Ø¹Ù…Ù„ ÙˆÛŒÙ†Ø¯ÙˆØ²Ùˆ Ø§ÛŒÙ†ØªØ±ÛŒØª Ø±Ø§ Ú©Ø§Ù…Ù„ Ø¢Ù…ÙˆØ²Ø´ Ù…ÛŒ Ø¨ÛŒÙ†Ø¯  Ùˆ Ø¯Ø± Ù…Ø±Ø­Ù„Ù‡ Ø¨Ø¹Ø¯ÛŒ Ú†Ù‡Ø§Ø± Ù†Ø±Ù… Ø§ÙØ²Ø§Ø± Ø§Ø¯Ø§Ø±ÛŒ Ù…Ù‡Ù… Ù…Ù‡Ø§Ø±Øª Ù¾ÛŒØ¯Ø§ Ù…ÛŒ Ú©Ù†Ø¯ Ú©Ù‡ Ø¨ØªÙˆØ§Ù†Ø¯ Ø¨Ø±Ø§Ø­ØªÛŒ  ÛŒÚ© ÙØ§ÛŒÙ„ Ù…ØªÙ†ÛŒ Ù‡Ù…Ø±Ø§Ù‡ Ø¨Ø§ Ø¬Ø¯ÙˆÙ„ ÛŒÚ© Ù¾Ø§ÙˆØ±Ù¾ÙˆÛŒÙ†Øª Ø¨Ø±Ø§ÛŒ Ø§Ø±Ø§Ø¦Ù‡ Ù…Ø·Ø§Ù„Ø¨  ÛŒÚ© ÙØ§ÛŒÙ„ Ø¬Ø¯ÙˆÙ„ÛŒ Ø¨Ø±Ø§ÛŒ Ø§Ø±Ø§ÛŒÙ‡ Ú¯Ø²Ø§Ø±Ø´ Ù‡Ø§ÛŒ Ú©Ø§Ø±ÛŒ Ùˆ Ø­Ø³Ø§Ø¨Ø¯Ø§Ø±ÛŒ Ø§ÛŒØ¬Ø§Ø¯ Ú©Ù†Ø¯ Ùˆ Ø¯Ø±Ù†Ù‡Ø§ÛŒØª  ÛŒÚ© ÙØ§ÛŒÙ„ Ø¨Ø§Ù†Ú© Ø§Ø·Ù„Ø§Ø¹Ø§ØªÛŒ Ø¨Ø§ Ø§Ú©Ø³Ø³ Ø§ÛŒØ¬Ø§Ø¯ Ú©Ù†Ø¯', 'PRG1741891102', 'uploads2//pdfs/course_67d326a1202381.43028847.pdf'),
(29, 22, 'ØªØ¹Ù…ÛŒØ±Ø§Øª ØªÙ„ÙÙ† Ù‡Ù…Ø±Ø§Ù‡', 'Ø³Ø±ÙØµÙ„ Ù‡Ø§ÛŒ Ø¯ÙˆØ±Ù‡\r\n1-Ø§Ù„Ú©ØªØ±ÙˆÙ†ÛŒÚ© Ùˆ Ø´Ù†Ø§Ø®Øª Ù‚Ø·Ø¹Ø§Øª 2-Ù†Ù‚Ø´Ù‡ Ø®ÙˆØ§Ù†ÛŒ 3- Ø¹ÛŒØ¨Øª ÛŒØ§Ø¨ÛŒ 4- ØªØ¹ÙˆÛŒØ¶ Ù‚Ø·Ø¹Ø§Øª 5- ØªØ¹Ù…ÛŒØ±Ù‚Ø·Ø¹Ø§Øª', '14:30 Ø§Ù„ÛŒ 16:30', 4, 5.00, '', NULL, NULL, 'uploads2/courses/1744049680_images.jpg', 'Ø¯Ø±ÙˆÙ‡ Ø·Ø¨Ù‚ Ø§Ø³ØªØ§Ù†Ø¯Ø§Ø±Ø¯ Ù‡Ø§ÛŒ ÙÙ†ÛŒ Ùˆ Ø­Ø±ÙÙ‡ Ø§ÛŒ Ø§Ø² Ø´Ù†Ø§Ø®Øª Ù‚Ø·Ø¹Ø§Øª Ùˆ Ù…Ø¨Ø§Ù†ÛŒ Ùˆ Ù…ÙØ§Ù‡ÛŒÙ… Ø§Ù„Ú©ØªØ±ÙˆÙ†ÛŒÚ© Ø´Ø±ÙˆØ¹ Ø´Ø¯Ù‡ Ø³Ù¾Ø³ Ø´Ù…Ø§ØªÛŒÚ© ÛŒØ§ Ù‡Ù…Ø§Ù† Ù†Ù‚Ø´Ù‡ Ø®ÙˆØ§Ù†ÛŒ Ø±Ø§ Ø¨Ù‡ Ú©Ø§Ø±Ø¢Ù…ÙˆØ² Ø¢Ù…ÙˆØ²Ø´ Ø¯Ø§Ø¯Ù‡ Ø®ÙˆØ§Ù‡Ø¯ Ø´Ø¯ Ú©Ù‡ Ø¨ØªÙˆØ§Ù†Ø¯ Ù‚Ø·Ø¹Ø§Øª Ø§Ù„Ú©ØªØ±ÙˆÙ†ÛŒÚ©ÛŒ Ø±Ø§ Ø¨Ø± Ø§Ø³Ø§Ø³ Ø´Ù…Ø§ØªÛŒÚ© Ø±ÙˆÛŒ Ù†Ù‚Ø´Ù‡ Ù¾ÛŒØ¯Ø§ Ù†Ù…Ø§ÛŒØ¯ Ø³Ù¾Ø³ Ø¯Ø± Ø³Ø±ÙØµÙ„ Ø³ÙˆÙ… Ù†Ø­ÙˆÙ‡ Ø¹ÛŒØ¨ ÛŒØ§Ø¨ÛŒ Ú©Ù‡ Ù…Ù‡Ù…ØªØ±ÛŒÙ† Ø³Ø±ÙØµÙ„ Ø§ÛŒÙ† Ø¯ÙˆØ±Ù‡  Ù…Ù‡Ø§Ø±ØªÛŒ Ù…ÛŒ Ø¨Ø§Ø´Ø¯ Ø¢Ù…ÙˆØ²Ø´ Ø¯Ø§Ø¯Ù‡ Ø®ÙˆØ§Ù‡Ø¯ Ø´Ø¯ Ú©Ù‡ Ú†Ø·ÙˆØ± ÛŒÚ© ØªØ¹Ù…ÛŒØ±Ú©Ø§Ø± Ø¨ØªÙˆØ§Ù†Ø¯ Ù…Ø´Ú©Ù„ Ø³Ø®Øª Ø§ÙØ²Ø§Ø±ÛŒ ÛŒÚ© Ú¯ÙˆØ´ÛŒ Ø±Ø§ Ø´Ù†Ø§Ø³Ø§ÛŒÛŒ Ù†Ù…Ø§ÛŒØ¯ Ø¯Ø± ÙØµÙ„ Ú†Ù‡Ø§Ø±Ù… Ùˆ Ù¾Ù†Ø¬Ù… Ù…Ø±Ø¨ÛŒ Ø¢Ù…ÙˆØ²Ø´ Ù…ÛŒ Ø¯Ù‡Ø¯ Ú©Ù‡ Ú©Ø§Ø±Ø¢Ù…ÙˆØ² Ø¨ØªÙˆØ§Ù†Ø¯ Ù‚Ø·Ø¹Ù‡ Ú©Ù‡ Ù…Ø¹ÛŒÙˆØ¨ Ø±Ø§ ØªØ¹ÙˆÛŒØ¶ ÛŒØ§ ØªØ¹Ù…ÛŒØ± Ù†Ù…Ø§ÛŒØ¯\r\n', 'PRG1744049680', 'uploads2/pdfs/1744049680_ØªØ¹Ù…ÛŒØ±Ú©Ø§Ø± Ø³Ø®Øª Ø§ÙØ²Ø§Ø± Ù…ÙˆØ¨Ø§ÛŒÙ„ 97.pdf'),
(30, 23, 'Ø­Ø³Ø§Ø¨Ø¯Ø§Ø±ÛŒ Ù…Ù‚Ø¯Ù…Ø§ØªÛŒ', 'Ø¯Ø± Ø§ÛŒÙ† Ø¯ÙˆØ±Ù‡ Ú©Ø§Ø±Ø¢Ù…ÙˆØ² Ù…Ù‡Ø§Ø±Øª Ù‡Ø§ÛŒ Ù„Ø§Ø²Ù… Ø¬Ù‡Øª Ø«Ø¨Øª Ø³Ù†Ø¯Ù‡Ø§ÛŒ Ø±ÙˆØ²Ø§Ù†Ù‡ Ù…Ø§Ù‡Ø§Ù†Ù‡ Ùˆ Ø³Ø§Ù„Ø§Ù†Ù‡ Ø±Ø§ Ø¨ØµÙˆØ±Øª Ø¯Ø³ØªÛŒ Ø±Ø§ Ø¢Ù…ÙˆØ²Ø´  Ø®ÙˆØ§Ù‡Ø¯ Ø¯ÛŒØ¯', '16-18', 2, 5400000.00, '', NULL, NULL, 'uploads2/courses/1745153983_accountant-3681227_1280.jpg', 'Ø¨Ø¹Ø¯ Ø§Ø² Ø§ØªÙ…Ø§Ù… Ø§ÛŒÙ† Ø¯ÙˆØ±Ù‡ ÛŒÚ© ÙØ±Ø¯ Ù…Ù‡Ø§Ø±Øª Ø¯ÛŒØ¯Ù‡ Ù…ÛŒ ØªÙˆØ§Ù†Ø¯  Ø¯Ø± Ù…Ø­Ù„ Ú©Ø§Ø± Ø¨Ù‡ Ø¹Ù†ÙˆØ§Ù† ÛŒÚ© Ú©Ø§Ø±Ø¨Ø±Ø­Ø³Ø§Ø¨Ø¯Ø§Ø±ÛŒ Ø³Ù†Ø¯ Ù‡Ø§ÛŒ  Ø¢Ù† Ù…Ø±Ú©Ø² Ø±Ø§  Ø¨ØµÙˆØ±Øª Ø¯Ø³ØªÛŒ Ø«Ø¨Øª Ù†Ù…Ø§ÛŒØ¯\r\nÙ…Ø´Ø§ÙˆØ±Ù‡ Ú©Ø§Ù…Ù„ Ø¨ØµÙˆØ±Øª Ø­Ø¶ÙˆØ±ÛŒ Ø¯Ø± Ù…Ø¬ØªÙ…Ø¹ Ø±Ø³Ø§Ù†Ù‡', 'PRG1745153983', 'uploads2/pdfs/1745153983_01-hesabdar_omomi_moghdamati.pdf'),
(31, 18, 'Ù…Ø¯ÛŒØ± Ø³Ø±ÙˆÛŒØ³ Ø¯Ù‡Ù†Ø¯Ù‡ Ù‡Ø§ÛŒ Ù…Ø§ÛŒÚ©Ø±ÙˆØ³Ø§ÙØª(MCSE)', 'Ú©Ø§Ø±Ø¢Ù…ÙˆØ²Ø§Ù† Ù…ÛŒ ØªÙˆØ§Ù†Ù†Ø¯ Ø¨Ø¹Ø¯ Ø§Ø² Ø§ØªÙ…Ø§Ù… Ø¯ÙˆØ±Ù‡ Ø¨Ø·ÙˆØ±Ú©Ø§Ù…Ù„ Ùˆ Ø­Ø±ÙÙ‡ Ø§ÛŒ Ø´Ø¨Ú©Ù‡ Ù‡Ø§ÛŒ Ù…Ø­Ù„ÛŒ Ø±Ø§ Ø·Ø±Ø§Ø­ÛŒ Ùˆ Ø§Ø¬Ø±Ø§ Ù†Ù…Ø§ÛŒÙ†Ø¯\r\n Ù‡Ù…Ú†Ù†ÛŒÙ† Ø³ÛŒØ³ØªÙ… Ø¹Ø§Ù…Ù„ ÙˆÛŒÙ†Ø¯ÙˆØ² Ø¯Ù‡ Ùˆ ÙˆÛŒÙ†Ø¯ÙˆØ² Ø³Ø±ÙˆØ± Ù‡Ù…Ø±Ø§Ù‡ Ø¨Ø§ Ø³Ø±ÙˆÛŒØ³ Ù‡Ø§ÛŒ Ù…Ø±Ø¨ÙˆØ· Ø¨Ù‡ Ù…Ø§ÛŒÚ©Ø±ÙˆØ³Ø§ÙØª Ø±Ø§ Ø±Ø§Ù‡ Ù†Ø¯Ø§Ø²ÛŒ Ù†Ù…Ø§ÛŒÙ†Ø¯', '19-22', 6, 14.00, '', NULL, NULL, 'uploads2/courses/course_680923235b0d96.48931861.jpg', 'Ù…Ø¨Ø§Ù†ÛŒ Ù…ÙØ§Ù‡ÛŒÙ… ØªØ¦ÙˆØ±ÛŒ Ø´Ø¨Ú©Ù‡ Ù‡Ø§ÛŒ Ú©Ø§Ù…Ù¾ÛŒÙˆØªØ± Ø·Ø¨Ù‚ Ø³Ø±ÙØµÙ„ Ù‡Ø§ Ø§Ø³ØªØ§Ù†Ø¯Ø§Ø±Ø¯ Ø³Ø§Ø²Ù…Ø§Ù† ÙÙ†ÛŒ Ùˆ Ø­Ø±ÙÙ‡ Ø§ÛŒ Ú©Ø´ÙˆØ± Ùˆ Ø§Ø³ØªØ§Ù†Ø¯Ø§Ø±Ø¯ Ø¬Ù‡Ø§Ù†ÛŒ Ù†ØµØ¨ Ùˆ Ù¾ÛŒÚ©Ø±Ø¨Ù†Ø¯ÛŒ -win10 Ù†ØµØ¨Ùˆ Ù¾ÛŒÚ©Ø±Ø¨Ù†Ø¯ÛŒ winserver2019 - Ù†ØµØ¨ Ùˆ Ø±Ø§Ù‡ Ø§Ù†Ø¯Ø§Ø²ÛŒ Ø³Ø±ÙˆÛŒØ³ Ù‡Ø§ÛŒ Ø³ÛŒØ³ØªÙ… Ø¹Ø§Ù…Ù„ ÙˆÛŒÙ†Ø¯ÙˆØ² Ø³Ø±ÙˆØ± Ø¯Ø± Ø´Ø¨Ú©Ù‡ 40 Ø³Ø§Ø¹Øª Ø¢Ù…ÙˆØ²Ø´ ØªØ¦ÙˆØ±ÛŒ 180 Ø¹Ù…Ù„ÛŒ 100Ø³Ø§Ø¹Øª Ù¾Ø±ÙˆÚ˜Ù‡ Ùˆ 100 Ø³Ø§Ø¹Øª Ú©Ø§Ø±ÙˆØ±Ø²ÛŒ\r\n\r\n', 'PRG1745414922', 'uploads2//pdfs/course_68444be2627007.02841462.pdf'),
(33, 18, '+ Network   Ù…Ø¨Ø§Ù†ÛŒ Ùˆ Ù…ÙØ§Ù‡ÛŒÙ… ØªØ¦ÙˆØ±ÛŒ Ø´Ø¨Ú©Ù‡', 'Ø¯Ø± Ø§ÛŒÙ† Ø¯ÙˆØ±Ù‡ Ú©Ø§Ø±Ø¢Ù…ÙˆØ²  Ø¨ØµÙˆØ±Øª Ú©Ø§Ù…Ù„ Ø³Ø§Ø®ØªØ§Ø± Ù…Ø¨Ø§Ù†ÛŒ Ùˆ Ù…ÙØ§Ù‡ÛŒÙ… ØªØ¦ÙˆØ±ÛŒ Ø¹Ù„Ù…ÛŒ Ø´Ø¨Ú©Ù‡ Ù‡Ø§ÛŒ Ú©Ø§Ù…Ù¾ÛŒÙˆØªØ±ÛŒ Ø±Ø§ Ø¢Ù…ÙˆØ²Ø´ Ù…ÛŒ Ø¨ÛŒÙ†Ø¯', '16-18', 1, 2.00, '', NULL, NULL, 'uploads2/courses/1748783564_gtr (12).jpg', 'Ø¬Ù‡Øª Ù…Ø´Ø§Ù‡Ø¯Ù‡ Ø³Ø±ÙØµÙ„ Ù‡Ø§ Ø¨Ù‡ Ø§Ø³ØªØ§Ù†Ø¯Ø§Ø±Ø¯ Ø¯ÙˆØ±Ù‡ Ù…Ø±Ø§Ø¬Ø¹Ù‡ Ø´ÙˆØ¯', 'PRG1748783564', 'uploads2/pdfs/1748783564_CompTIA Network+.pdf'),
(34, 18, 'ØªØ¹Ù…ÛŒØ±Ø§Øª Ù„Ù¾ ØªØ§Ù¾', 'Ø³Ø±ÙØµÙ„ Ù‡Ø§ÛŒ Ø¯ÙˆØ±Ù‡ 1-Ø§Ù„Ú©ØªØ±ÙˆÙ†ÛŒÚ© Ùˆ Ø´Ù†Ø§Ø®Øª Ù‚Ø·Ø¹Ø§Øª 2-Ù†Ù‚Ø´Ø® Ø®ÙˆØ§Ù†ÛŒ 3- Ø¹ÛŒØ¨Øª ÛŒØ§Ø¨ÛŒ 4- ØªØ¹ÙˆÛŒØ¶ Ù‚Ø·Ø¹Ø§Øª 5- ØªØ¹Ù…ÛŒØ±Ù‚Ø·Ø¹Ø§Øª\r\n', '16-18', 4, 7.00, '', NULL, NULL, 'uploads2/courses/1748784248_00000.jpg', 'Ø§ÛŒÙ† Ø¯Ø±ÙˆÙ‡ Ø·Ø¨Ù‚ Ø§Ø³ØªØ§Ù†Ø¯Ø§Ø±Ø¯ Ù‡Ø§ÛŒ Ø³Ø§Ø²Ù…Ø§Ù† ÙÙ†ÛŒ Ùˆ Ø­Ø±ÙÙ‡ Ø§ÛŒ Ú©Ø´ÙˆØ± Ø§Ø² Ø´Ù†Ø§Ø®Øª Ù‚Ø·Ø¹Ø§Øª Ùˆ Ù…Ø¨Ø§Ù†ÛŒ Ùˆ Ù…ÙØ§Ù‡ÛŒÙ… Ø§Ù„Ú©ØªØ±ÙˆÙ†ÛŒÚ© Ø´Ø±ÙˆØ¹ Ø´Ø¯Ù‡ Ø³Ù¾Ø³ Ø´Ù…Ø§ØªÛŒÚ© ÛŒØ§ Ù‡Ù…Ø§Ù† Ù†Ù‚Ø´Ù‡ Ø®ÙˆØ§Ù†ÛŒ Ø±Ø§ Ø¨Ù‡ Ú©Ø§Ø±Ø¢Ù…ÙˆØ² Ø¢Ù…ÙˆØ²Ø´ Ø¯Ø§Ø¯Ù‡ Ø®ÙˆØ§Ù‡Ø¯ Ø´Ø¯ Ø³Ù¾Ø³ Ø¯Ø± Ø³Ø±ÙØµÙ„ Ø³ÙˆÙ… Ù†Ø­ÙˆÙ‡ Ø¹ÛŒØ¨ ÛŒØ§Ø¨ÛŒ Ú©Ù‡ Ù…Ù‡Ù…ØªØ±ÛŒÙ† Ø³Ø±ÙØµÙ„ Ù…ÛŒ Ø¨Ø§Ø´Ø¯ Ø¢Ù…ÙˆØ²Ø´ Ù…ÛŒ Ø¯Ù‡ÛŒÙ… Ú©Ù‡ Ú†Ø·ÙˆØ± ÛŒÚ© ØªØ¹Ù…ÛŒØ±Ú©Ø§Ø± Ø¨ØªÙˆØ§Ù†Ø¯ Ù…Ø´Ú©Ù„ Ø³Ø®Øª Ø§ÙØ²Ø§Ø±ÛŒ ÛŒÚ© Ù„Ù¾ ØªØ§Ù¾ Ø±Ø§ Ø´Ù†Ø§Ø³Ø§ÛŒÛŒ Ù†Ù…Ø§ÛŒØ¯ Ø¯Ø± Ù…Ø±Ø­Ù„Ù‡ Ø¨Ø¹Ø¯ Ø§Ø² Ø¹ÛŒØ¨ ÛŒØ§Ø¨ÛŒ Ù…Ø±Ø¨ÛŒ Ø¢Ù…ÙˆØ²Ø´ Ù…ÛŒ Ø¯Ù‡Ø¯ Ú©Ù‡ Ú©Ø§Ø±Ø¢Ù…ÙˆØ² Ø¨ØªÙˆØ§Ù†Ø¯ Ù‚Ø·Ø¹Ù‡ Ú©Ù‡ Ù…Ø¹ÛŒÙˆØ¨ Ø´Ø¯Ù‡ Ø±Ø§ ØªØ¹ÙˆÛŒØ¶ ÛŒØ§ ØªØ¹Ù…ÛŒØ± Ù†Ù…Ø§ÛŒØ¯\r\n', 'PRG1748784248', 'uploads2//pdfs/course_68444b6ec87179.42887694.pdf'),
(35, 18, 'ÙØªÙˆØ´Ø§Ù¾', 'Ø¢Ù…ÙˆØ²Ø´ Ú©Ø§Ù…Ù„ Ùˆ Ø¬Ø§Ù…Ø¹ Ù†Ø±Ù… Ø§ÙØ²Ø§Ø± ÙØªÙˆØ´Ø§Ù¾ Ø¨ØµÙˆØ±Øª 100%Ø¹Ù„Ù…ÛŒ ØŒØ¹Ù…Ù„ÛŒ Ùˆ Ú©Ø§Ø±Ø¨Ø±Ø¯ÛŒ Ù…Ø·Ø§Ø¨Ù‚ Ø¨Ø§Ø²Ø§Ø± Ú©Ø§Ø± ØªÙˆØ³Ø· Ø§Ø³Ø§ØªÛŒØ¯ Ù…Ø¬Ø±Ø¨ Ùˆ Ø¨Ø±ØªØ±', '14-16', 2, 3800000.00, '', NULL, NULL, 'uploads2/courses/1748784702_large-311.jpg', 'Ø¢Ù…ÙˆØ²Ø´ ÙˆÛŒØ±Ø§ÛŒØ´ Ùˆ Ø§Ø¯ÛŒØªÙˆØ±ÛŒ ØªØµØ§ÙˆÛŒØ± Ø¬Ù‡Øª Ø§Ø³ØªÙØ§Ø¯Ù‡ Ø¯Ø± Ù†Ø±Ù… Ø§ÙØ²Ø§Ø±Ù‡Ø§ÛŒ Ù…Ø­ÛŒØ· Ù…Ø¬Ø§Ø²ÛŒ Ù…Ø§Ù†Ù†Ø¯ Ø§ÛŒÙ†Ø³ØªÚ¯Ø±Ø§Ù… ØŒ ÙˆØ§ØªØ³Ø§Ù¾ØŒ ØªÙ„Ú¯Ø±Ø§Ù…ØŒ Ø§ÛŒØªØ§ Ùˆ...\r\nØ¢Ù…ÙˆØ²Ø´ ÙˆÛŒØ±Ø§ÛŒØ´ Ùˆ Ø§Ø¯ÛŒØªÙˆØ±ÛŒ ØªØµØ§ÙˆÛŒØ±ØŒ Ø§ØµÙ„Ø§Ø­ Ø±Ù†Ú¯ Ù…ÛŒÚ©Ø³ Ùˆ Ù…ÙˆÙ†ØªØ§Ú˜ ØªØµØ§ÙˆÛŒØ± Ø¬Ù‡Øª Ø§Ø´ØªØºØ§Ù„ Ø¯Ø± Ø¢ØªÙ„ÛŒÙ‡ (Ø¹Ú©Ø§Ø³ÛŒ)', 'PRG1748784702', 'uploads2/pdfs/1748784702_PHOTOSHAP1397.pdf'),
(36, 18, 'Ø·Ø±Ø§Ø­ÛŒ Ø³Ø§ÛŒØª Ù…Ù‚Ø¯Ù…Ø§ØªÛŒ ÙØ±Ø§Ù†Øª Ø§Ù†Ø¯       (ØªÙˆÙ„ÛŒØ¯ Ú©Ù†Ù†Ø¯Ù‡ Ùˆ ØªÙˆØ³Ø¹Ù‡ Ø¯Ù‡Ù†Ø¯Ù‡ Ø§ÛŒ Ù¾Ø§ÛŒÚ¯Ø§Ù‡ Ù‡Ø§ÛŒ Ø§ÛŒÙ†ØªØ±Ù†ØªÛŒ)', 'Ø¢Ù…ÙˆØ²Ø´ ØªØ®ØµØµÛŒ Ø·Ø±Ø§Ø­ÛŒ ÙˆØ¨ Ø¬Ù‡Øª Ø§Ø¬Ø±Ø§ÛŒ Ù¾Ø±ÙˆÚ˜Ù‡ Ø¯Ø§Ù†Ø´Ø¬ÙˆÛŒÛŒ ÙˆØ§Ø´ØªØºØ§Ù„ Ø¯Ø±Ø¨Ø§Ø²Ø§Ø±Ú©Ø§Ø±\r\nÙ¾Ø´ØªÛŒØ¨Ø§Ù†ÛŒ ÙÙ†ÛŒ Ú©Ø§Ø±Ø¢Ù…ÙˆØ²Ø§Ù† Ø¬Ù‡Øª Ø§Ø¬Ø±Ø§ÛŒ Ù¾Ø±ÙˆÚ˜Ù‡ Ù‡Ø§ÛŒ Ú©Ø§Ø±ÛŒ Ø¨Ø¹Ø¯Ø§Ø²Ø§ØªÙ…Ø§Ù… Ø¯ÙˆØ±Ù‡ ØªÙˆØ³Ø· Ù…Ø±Ø¨ÛŒØ§Ù† Ø¨Ø±ØªØ±\r\nÚ©Ø§Ø±Ø¢Ù…ÙˆØ² Ø¨Ø¹Ø¯ Ø§Ø² Ø§ØªÙ…Ø§Ù… Ø¯ÙˆØ±Ù‡ Ù…ÛŒ ØªÙˆØ§Ù†Ø¯ Ø¨Ù‡ Ø±Ø§Ø­ØªÛŒ Ù¾Ø±ÙˆÚ˜Ù‡ Ù‡Ø§ÛŒ Ù…Ø±Ø¨ÙˆØ· Ø¨Ù‡ ÙØ±Ø§Ù†Øª Ø§ÛŒÙ†Ø¯ Ø±Ø§ Ø·Ø±Ø§Ø­ÛŒ Ù†Ù…Ø§ÛŒØ¯Ùˆ Ø¯Ø± ØµÙˆØ±Øª Ù†ÛŒØ§Ø² Ø§Ø² Ù¾Ø´ØªÛŒØ¨Ø§Ù†ÛŒ Ø§Ø³ØªØ§Ø¯ Ø§Ø³ØªÙØ§Ø¯Ù‡ Ù†Ù…Ø§ÛŒØ¯.\r\n', '14-16', 5, 9.00, '', NULL, NULL, 'uploads2/courses/1748785487_webdesign (1).jpg', 'Ø³Ø±ÙØµÙ„ Ù‡Ø§ÛŒ Ø¢Ù…ÙˆØ²Ø´ÛŒ    html-css-bootstrap-Tailwind-javascript\r\n', 'PRG1748785487', 'uploads2/pdfs/1748785487_ØªÙˆÙ„ÛŒØ¯ Ú©Ù†Ù†Ø¯Ù‡ Ùˆ ØªÙˆØ³Ø¹Ù‡ Ø¯Ø¯Ù‡Ù†Ù‡ ÙˆØ¨.pdf'),
(37, 18, 'Ø·Ø±Ø§Ø­ÛŒ Ø³Ø§ÛŒØª Ù¾ÛŒØ´Ø±ÙØªÙ‡ -Ø¨Ú© Ø§Ù†Ø¯ (ØªÙˆØ³Ø¹Ù‡ Ø¯Ù‡Ù†Ø¯Ù‡ ØµÙØ­Ø§Øª ÙˆØ¨ Ø¨Ø§ php-my sql )', 'Ø¢Ù…ÙˆØ²Ø´ ØªØ®ØµØµÛŒ Ø·Ø±Ø§Ø­ÛŒ ÙˆØ¨ Ø¬Ù‡Øª Ø§Ø¬Ø±Ø§ÛŒ Ù¾Ø±ÙˆÚ˜Ù‡ Ø¯Ø§Ù†Ø´Ø¬ÙˆÛŒÛŒ ÙˆØ§Ø´ØªØºØ§Ù„ Ø¯Ø±Ø¨Ø§Ø²Ø§Ø±Ú©Ø§Ø± Ù¾Ø´ØªÛŒØ¨Ø§Ù†ÛŒ ÙÙ†ÛŒ Ú©Ø§Ø±Ø¢Ù…ÙˆØ²Ø§Ù† Ø¬Ù‡Øª Ø§Ø¬Ø±Ø§ÛŒ Ù¾Ø±ÙˆÚ˜Ù‡ Ù‡Ø§ÛŒ Ú©Ø§Ø±ÛŒ Ø¨Ø¹Ø¯Ø§Ø²Ø§ØªÙ…Ø§Ù… Ø¯ÙˆØ±Ù‡ ØªÙˆØ³Ø· Ù…Ø±Ø¨ÛŒØ§Ù† Ø¨Ø±ØªØ±\r\n Ú©Ø§Ø±Ø¢Ù…ÙˆØ² Ø¨Ø¹Ø¯ Ø§Ø² Ø§ØªÙ…Ø§Ù… Ø¯ÙˆØ±Ù‡ Ù…ÛŒ ØªÙˆØ§Ù†Ø¯ Ø¨Ù‡ Ø±Ø§Ø­ØªÛŒ Ù¾Ø±ÙˆÚ˜Ù‡ Ù‡Ø§ÛŒ Ù…Ø±Ø¨ÙˆØ· Ø¨Ù‡ Ø¨Ú© Ø§Ù†Ø¯  Ø±Ø§ Ø·Ø±Ø§Ø­ÛŒ Ùˆ  Ø¯Ø± ØµÙˆØ±Øª Ù†ÛŒØ§Ø² Ø§Ø² Ù¾Ø´ØªÛŒØ¨Ø§Ù†ÛŒ Ø§Ø³ØªØ§Ø¯ Ø§Ø³ØªÙØ§Ø¯Ù‡ Ù†Ù…Ø§ÛŒØ¯.\r\n\r\n', '14-16', 5, 8.00, '', NULL, NULL, 'uploads2/courses/1748787729_b5f3bf20455342de13d776985b6113ca.jpeg', 'Ø³Ø±ÙØµÙ„ Ù‡Ø§ÛŒ Ø¢Ù…ÙˆØ²Ø´ÛŒ : php-my sql\r\nØ¬Ù‡Øª Ù…Ø´Ø§Ù‡Ø¯Ù‡ Ø¯Ù‚ÛŒÙ‚ Ø³Ø±ÙØµÙ„ Ù‡Ø§ÛŒ Ø¢Ù…ÙˆØ²Ø´ÛŒ Ø§Ø³ØªØ§Ù†Ø¯Ø§Ø±Ø¯ Ù‡Ø§ÛŒ Ø¢Ù…ÙˆØ²Ø´ÛŒ Ø±Ø§ Ø¯Ø§Ù†Ù„ÙˆØ¯ Ù†Ù…Ø§ÛŒÛŒØ¯', 'PRG1748787729', 'uploads2/pdfs/1748787729_php-my ØªÙˆØ³Ø¹Ù‡ Ø¯Ù‡Ù†Ø¯Ù‡ ÙˆØ¨ Ø¨Ø§.pdf');

-- --------------------------------------------------------

--
-- Table structure for table `resumes`
--

CREATE TABLE `resumes` (
  `id` int(11) NOT NULL,
  `job_id` int(11) NOT NULL,
  `fullname` varchar(255) NOT NULL,
  `national_code` varchar(20) NOT NULL,
  `phone` varchar(20) NOT NULL,
  `address` varchar(255) NOT NULL,
  `resume_file` varchar(255) NOT NULL,
  `work_experience` text DEFAULT NULL,
  `military_status` varchar(100) NOT NULL,
  `submitted_at` timestamp NOT NULL DEFAULT current_timestamp(),
  `is_seen` tinyint(1) DEFAULT 0
) ENGINE=InnoDB DEFAULT CHARSET=utf8mb4 COLLATE=utf8mb4_general_ci;

-- --------------------------------------------------------

--
-- Table structure for table `sample_majors`
--

CREATE TABLE `sample_majors` (
  `id` int(11) NOT NULL,
  `name` varchar(255) NOT NULL,
  `image_path` varchar(255) DEFAULT NULL,
  `created_at` timestamp NOT NULL DEFAULT current_timestamp()
) ENGINE=InnoDB DEFAULT CHARSET=utf8mb3 COLLATE=utf8mb3_persian_ci;

--
-- Dumping data for table `sample_majors`
--

INSERT INTO `sample_majors` (`id`, `name`, `image_path`, `created_at`) VALUES
(3, 'Ø´Ø¨Ú©Ù‡', 'uploads/majors/1745692372_Screenshot_2025-04-26-00-27-06-424_com.android.chrome.jpg', '2025-04-26 18:32:52'),
(4, 'Ø·Ø±Ø§Ø­ÛŒ ÙˆØ¨', 'uploads/majors/1746114952_5-Graphics-Card-Ports.jpg', '2025-05-01 15:55:52'),
(5, 'ØªØ¹Ù…ÛŒØ±Ø§Øª ØªÙ„ÙÙ† Ù‡Ù…Ø±Ø§Ù‡', 'uploads/majors/1747763153_590447_t (1).webp', '2025-05-20 17:45:53');

-- --------------------------------------------------------

--
-- Table structure for table `sample_questions`
--

CREATE TABLE `sample_questions` (
  `id` int(11) NOT NULL,
  `major_id` int(11) NOT NULL,
  `title` varchar(255) NOT NULL,
  `description` text DEFAULT NULL,
  `file_path` varchar(255) NOT NULL,
  `created_at` timestamp NOT NULL DEFAULT current_timestamp()
) ENGINE=InnoDB DEFAULT CHARSET=utf8mb3 COLLATE=utf8mb3_persian_ci;

--
-- Dumping data for table `sample_questions`
--

INSERT INTO `sample_questions` (`id`, `major_id`, `title`, `description`, `file_path`, `created_at`) VALUES
(1, 1, 'ÙØµÙ„ 1', 'sØªÙ†Ø´Ø³Ù†ØªØ°', '680d1ca06f768.pdf', '2025-04-26 17:49:20'),
(2, 2, '1', '1', '680d243fed3d0.pdf', '2025-04-26 18:21:51'),
(8, 5, 'Ù†Ù…ÙˆÙ†Ù‡ Ø³ÙˆØ§Ù„Ø§Øª ØªØ¦ÙˆØ±ÛŒ ', '684 Ù†Ù…ÙˆÙ†Ù‡ Ø³ÙˆØ§Ù„Ø§Øª ØªØ¦ÙˆØ±ÛŒ ØªØ®ØµØµÛŒ  Ú†Ù‡Ø§Ø± Ú¯Ø²ÛŒÙ†Ù‡ Ø§ÛŒ Ù‡Ù…Ø±Ø§Ù‡ Ø¨Ø§ Ø¬ÙˆØ§Ø¨', '682cc3d159dec.pdf', '2025-05-20 18:02:57');

--
-- Indexes for dumped tables
--

--
-- Indexes for table `admin`
--
ALTER TABLE `admin`
  ADD PRIMARY KEY (`id`);

--
-- Indexes for table `categories`
--
ALTER TABLE `categories`
  ADD PRIMARY KEY (`id`);

--
-- Indexes for table `courses`
--
ALTER TABLE `courses`
  ADD PRIMARY KEY (`id`),
  ADD KEY `major_id` (`major_id`);

--
-- Indexes for table `course_registrations`
--
ALTER TABLE `course_registrations`
  ADD PRIMARY KEY (`id`);

--
-- Indexes for table `fields`
--
ALTER TABLE `fields`
  ADD PRIMARY KEY (`id`);

--
-- Indexes for table `jobs`
--
ALTER TABLE `jobs`
  ADD PRIMARY KEY (`id`),
  ADD KEY `category_id` (`category_id`);

--
-- Indexes for table `job_categories`
--
ALTER TABLE `job_categories`
  ADD PRIMARY KEY (`id`);

--
-- Indexes for table `login_logs`
--
ALTER TABLE `login_logs`
  ADD PRIMARY KEY (`id`);

--
-- Indexes for table `majors`
--
ALTER TABLE `majors`
  ADD PRIMARY KEY (`id`);

--
-- Indexes for table `messages`
--
ALTER TABLE `messages`
  ADD PRIMARY KEY (`id`);

--
-- Indexes for table `pre_registration`
--
ALTER TABLE `pre_registration`
  ADD PRIMARY KEY (`id`);

--
-- Indexes for table `programs`
--
ALTER TABLE `programs`
  ADD PRIMARY KEY (`id`),
  ADD UNIQUE KEY `program_code` (`program_code`),
  ADD KEY `field_id` (`field_id`);

--
-- Indexes for table `resumes`
--
ALTER TABLE `resumes`
  ADD PRIMARY KEY (`id`),
  ADD KEY `job_id` (`job_id`);

--
-- Indexes for table `sample_majors`
--
ALTER TABLE `sample_majors`
  ADD PRIMARY KEY (`id`);

--
-- Indexes for table `sample_questions`
--
ALTER TABLE `sample_questions`
  ADD PRIMARY KEY (`id`);

--
-- AUTO_INCREMENT for dumped tables
--

--
-- AUTO_INCREMENT for table `admin`
--
ALTER TABLE `admin`
  MODIFY `id` int(11) NOT NULL AUTO_INCREMENT, AUTO_INCREMENT=3;

--
-- AUTO_INCREMENT for table `categories`
--
ALTER TABLE `categories`
  MODIFY `id` int(11) NOT NULL AUTO_INCREMENT, AUTO_INCREMENT=5;

--
-- AUTO_INCREMENT for table `courses`
--
ALTER TABLE `courses`
  MODIFY `id` int(11) NOT NULL AUTO_INCREMENT, AUTO_INCREMENT=72;

--
-- AUTO_INCREMENT for table `course_registrations`
--
ALTER TABLE `course_registrations`
  MODIFY `id` int(11) NOT NULL AUTO_INCREMENT, AUTO_INCREMENT=77;

--
-- AUTO_INCREMENT for table `fields`
--
ALTER TABLE `fields`
  MODIFY `id` int(11) NOT NULL AUTO_INCREMENT, AUTO_INCREMENT=26;

--
-- AUTO_INCREMENT for table `jobs`
--
ALTER TABLE `jobs`
  MODIFY `id` int(11) NOT NULL AUTO_INCREMENT, AUTO_INCREMENT=6;

--
-- AUTO_INCREMENT for table `job_categories`
--
ALTER TABLE `job_categories`
  MODIFY `id` int(11) NOT NULL AUTO_INCREMENT, AUTO_INCREMENT=6;

--
-- AUTO_INCREMENT for table `login_logs`
--
ALTER TABLE `login_logs`
  MODIFY `id` int(11) NOT NULL AUTO_INCREMENT, AUTO_INCREMENT=34;

--
-- AUTO_INCREMENT for table `majors`
--
ALTER TABLE `majors`
  MODIFY `id` int(11) NOT NULL AUTO_INCREMENT, AUTO_INCREMENT=36;

--
-- AUTO_INCREMENT for table `messages`
--
ALTER TABLE `messages`
  MODIFY `id` int(11) NOT NULL AUTO_INCREMENT, AUTO_INCREMENT=23;

--
-- AUTO_INCREMENT for table `pre_registration`
--
ALTER TABLE `pre_registration`
  MODIFY `id` int(11) NOT NULL AUTO_INCREMENT, AUTO_INCREMENT=111;

--
-- AUTO_INCREMENT for table `programs`
--
ALTER TABLE `programs`
  MODIFY `id` int(11) NOT NULL AUTO_INCREMENT, AUTO_INCREMENT=38;

--
-- AUTO_INCREMENT for table `resumes`
--
ALTER TABLE `resumes`
  MODIFY `id` int(11) NOT NULL AUTO_INCREMENT, AUTO_INCREMENT=8;

--
-- AUTO_INCREMENT for table `sample_majors`
--
ALTER TABLE `sample_majors`
  MODIFY `id` int(11) NOT NULL AUTO_INCREMENT, AUTO_INCREMENT=6;

--
-- AUTO_INCREMENT for table `sample_questions`
--
ALTER TABLE `sample_questions`
  MODIFY `id` int(11) NOT NULL AUTO_INCREMENT, AUTO_INCREMENT=9;

--
-- Constraints for dumped tables
--

--
-- Constraints for table `courses`
--
ALTER TABLE `courses`
  ADD CONSTRAINT `courses_ibfk_1` FOREIGN KEY (`major_id`) REFERENCES `majors` (`id`);

--
-- Constraints for table `jobs`
--
ALTER TABLE `jobs`
  ADD CONSTRAINT `jobs_ibfk_1` FOREIGN KEY (`category_id`) REFERENCES `job_categories` (`id`) ON DELETE SET NULL;

--
-- Constraints for table `programs`
--
ALTER TABLE `programs`
  ADD CONSTRAINT `programs_ibfk_1` FOREIGN KEY (`field_id`) REFERENCES `fields` (`id`) ON DELETE CASCADE;
COMMIT;

/*!40101 SET CHARACTER_SET_CLIENT=@OLD_CHARACTER_SET_CLIENT */;
/*!40101 SET CHARACTER_SET_RESULTS=@OLD_CHARACTER_SET_RESULTS */;
/*!40101 SET COLLATION_CONNECTION=@OLD_COLLATION_CONNECTION */;
